feat_dim,num_actions,,features,preconditions
2,6,0,"[[0.9077800967907955, 0.1900796718398693], [0.5293279778976319, 0.45783867587297855], [0.7546268503771307, 0.9012873647989772], [0.8972972619898136, 0.4039311236886667], [0.8599619311745429, 0.13213074098249689], [0.7696697513335633, 0.7513576713790608]]","[array([0., 0., 0., 0., 0., 0.]), array([0., 0., 0., 0., 0., 0.]), array([0., 0., 0., 0., 0., 0.]), array([0., 0., 1., 0., 0., 0.]), array([0., 0., 0., 0., 0., 0.]), array([0., 0., 1., 0., 0., 0.])]"
2,6,1,"[[0.828353293591096, 0.8294841852358333], [0.586968781267192, 0.5748173930780842], [0.5526835364467043, 0.6252420861870799], [0.7246132522134848, 0.5757918194498091], [0.49304427369756376, 0.3212159421221399], [0.7962957378944019, 0.1490019438278427]]","[array([0., 0., 0., 0., 0., 0.]), array([0., 0., 0., 0., 0., 0.]), array([1., 0., 0., 0., 0., 0.]), array([0., 0., 0., 0., 0., 0.]), array([1., 0., 1., 0., 0., 0.]), array([0., 0., 1., 0., 1., 0.])]"
2,6,2,"[[0.862333185388684, 0.5488536303995583], [0.3973167105015687, 0.1332322627819179], [0.5118388889615094, 0.5676366798146444], [0.761368235816987, 0.45414748033770846], [0.04971461403338895, 0.6364650243137376], [0.07973251845166951, 0.06281146512063573]]","[array([0., 0., 0., 0., 0., 0.]), array([0., 0., 0., 0., 0., 0.]), array([0., 1., 0., 0., 0., 0.]), array([0., 0., 1., 0., 0., 0.]), array([0., 0., 0., 0., 0., 0.]), array([0., 0., 0., 0., 0., 0.])]"
2,6,3,"[[0.8714889940266134, 0.7303732354368219], [0.9027765135610604, 0.05657971490694602], [0.5248229332293135, 0.22627032904210898], [0.9679195120006859, 0.8061384870091517], [0.6929521155156018, 0.9283070636156704], [0.49649613475664434, 0.914468416733468]]","[array([0., 0., 0., 0., 0., 0.]), array([0., 0., 0., 0., 0., 0.]), array([0., 0., 0., 0., 0., 0.]), array([1., 0., 0., 0., 0., 0.]), array([0., 1., 0., 1., 0., 0.]), array([0., 0., 1., 0., 0., 0.])]"
2,6,4,"[[0.1837827363398098, 0.9904022240026776], [0.5015127572415472, 0.6396568570212453], [0.4636742748725553, 0.777541161251181], [0.9721629375986329, 0.7107166011613294], [0.31519266745661123, 0.8816420241715015], [0.0632939789992153, 0.35064337318688965]]","[array([0., 0., 0., 0., 0., 0.]), array([1., 0., 0., 0., 0., 0.]), array([0., 0., 0., 0., 0., 0.]), array([0., 1., 0., 0., 0., 0.]), array([0., 0., 0., 0., 0., 0.]), array([0., 1., 0., 0., 0., 0.])]"
2,6,5,"[[0.9964425390718046, 0.6604623411930881], [0.7523349753731039, 0.7962055890483271], [0.19904931451241448, 0.05489095982674197], [0.1783781763178781, 0.8734285019127189], [0.2829387701132263, 0.6176481640152125], [0.9030478658110489, 0.19255109783027557]]","[array([0., 0., 0., 0., 0., 0.]), array([0., 0., 0., 0., 0., 0.]), array([1., 0., 0., 0., 0., 0.]), array([1., 0., 0., 0., 0., 0.]), array([0., 0., 0., 0., 0., 0.]), array([0., 0., 0., 0., 0., 0.])]"
2,6,6,"[[0.3201078404743325, 0.6131363613606363], [0.7399022427589833, 0.8437458621817214], [0.14688145712479284, 0.4932144463083956], [0.9666382163641785, 0.052288026247482855], [0.3160057564709974, 0.24881143517543958], [0.5425453148327074, 0.4653292008689799]]","[array([0., 0., 0., 0., 0., 0.]), array([0., 0., 0., 0., 0., 0.]), array([1., 0., 0., 0., 0., 0.]), array([0., 0., 0., 0., 0., 0.]), array([1., 0., 0., 0., 0., 0.]), array([0., 0., 1., 0., 0., 0.])]"
2,6,7,"[[0.36394678041203743, 0.9397692076014303], [0.8987184775811007, 0.0927201203019773], [0.9564763831718498, 0.9350264659074393], [0.04624774083953698, 0.6496346491605924], [0.3468401867342388, 0.23936987231564277], [0.07739003496943064, 0.6700651746503988]]","[array([0., 0., 0., 0., 0., 0.]), array([0., 0., 0., 0., 0., 0.]), array([0., 0., 0., 0., 0., 0.]), array([0., 0., 0., 0., 0., 0.]), array([0., 1., 1., 0., 0., 0.]), array([0., 1., 1., 0., 0., 0.])]"
2,6,8,"[[0.6859337609293956, 0.7846088989716231], [0.4052859772626254, 0.12842876970545025], [0.4725500161543126, 0.15053972497023338], [0.3785226260434318, 0.1293569994579966], [0.39569979201970595, 0.4102436800248953], [0.9905566580417724, 0.20015662443999738]]","[array([0., 0., 0., 0., 0., 0.]), array([0., 0., 0., 0., 0., 0.]), array([0., 0., 0., 0., 0., 0.]), array([0., 0., 1., 0., 0., 0.]), array([1., 0., 0., 0., 0., 0.]), array([0., 0., 0., 0., 0., 0.])]"
2,6,9,"[[0.8399313590049924, 0.5167712377994087], [0.9435819315898928, 0.496248385350324], [0.9194380275525621, 0.2503060327698615], [0.06597587335377864, 0.9197325945679977], [0.12490798721303653, 0.03828795377448968], [0.5413083452413666, 0.8445320311051477]]","[array([0., 0., 0., 0., 0., 0.]), array([0., 0., 0., 0., 0., 0.]), array([0., 0., 0., 0., 0., 0.]), array([0., 0., 1., 0., 0., 0.]), array([0., 0., 0., 1., 0., 0.]), array([0., 1., 1., 1., 1., 0.])]"
2,9,0,"[[0.5882474158597502, 0.3699072336522089], [0.14350843201422625, 0.397408365982431], [0.37149834172055574, 0.0013932974123579411], [0.5161169961482354, 0.6639297134000479], [0.9081422879621421, 0.1905589811464491], [0.4157060437239204, 0.10657479516895874], [0.9237311215730113, 0.4009411868760764], [0.7292100024799995, 0.46816970235606437], [0.9214412394844785, 0.8774443135700537]]","[array([0., 0., 0., 0., 0., 0., 0., 0., 0.]), array([0., 0., 0., 0., 0., 0., 0., 0., 0.]), array([0., 0., 0., 0., 0., 0., 0., 0., 0.]), array([0., 1., 1., 0., 0., 0., 0., 0., 0.]), array([0., 0., 0., 1., 0., 0., 0., 0., 0.]), array([1., 0., 0., 0., 1., 0., 0., 0., 0.]), array([0., 0., 0., 0., 0., 0., 0., 0., 0.]), array([0., 0., 0., 0., 0., 1., 0., 0., 0.]), array([0., 0., 0., 0., 0., 1., 0., 0., 0.])]"
2,9,1,"[[0.9645160418647044, 0.9273865153922289], [0.2907069155369296, 0.4553769063899561], [0.3222790610711298, 0.9034032902788885], [0.795500455640322, 0.20020169991506687], [0.40542461087166726, 0.39467270945876975], [0.30695512341768405, 0.05218808987951462], [0.48497751647200105, 0.6615681440792629], [0.31751818900456275, 0.7172656586423217], [0.6368185435356678, 0.6231080764291279]]","[array([0., 0., 0., 0., 0., 0., 0., 0., 0.]), array([0., 0., 0., 0., 0., 0., 0., 0., 0.]), array([0., 0., 0., 0., 0., 0., 0., 0., 0.]), array([0., 1., 0., 0., 0., 0., 0., 0., 0.]), array([0., 0., 1., 0., 0., 0., 0., 0., 0.]), array([0., 1., 0., 0., 0., 0., 0., 0., 0.]), array([1., 0., 0., 0., 1., 0., 0., 0., 0.]), array([0., 0., 1., 0., 0., 0., 0., 0., 0.]), array([0., 1., 0., 0., 0., 0., 0., 0., 0.])]"
2,9,2,"[[0.7721468303411599, 0.17306811555589174], [0.08253736071882989, 0.9490353710656767], [0.49706175323355795, 0.9124600769096436], [0.9921697654073391, 0.3124205412368706], [0.5145612918953087, 0.8422248125747569], [0.19618099481080087, 0.6948067827792964], [0.22265673773868988, 0.06680144013202893], [0.9073123768669447, 0.2587462465840721], [0.1462162587442951, 0.9145909284397794]]","[array([0., 0., 0., 0., 0., 0., 0., 0., 0.]), array([0., 0., 0., 0., 0., 0., 0., 0., 0.]), array([0., 0., 0., 0., 0., 0., 0., 0., 0.]), array([0., 0., 0., 0., 0., 0., 0., 0., 0.]), array([0., 0., 0., 0., 0., 0., 0., 0., 0.]), array([0., 0., 1., 0., 0., 0., 0., 0., 0.]), array([1., 0., 0., 0., 0., 1., 0., 0., 0.]), array([0., 0., 0., 0., 0., 0., 0., 0., 0.]), array([0., 0., 0., 0., 0., 0., 1., 0., 0.])]"
2,9,3,"[[0.11257910316713293, 0.6590775262848518], [0.13692442722316922, 0.9293191818581134], [0.8222472847618468, 0.3497168718324515], [0.6198606766463229, 0.8873619384887628], [0.8809690292470042, 0.5426749861734562], [0.9531254557125451, 0.6225104111830789], [0.09313120387573481, 0.711191182427472], [0.8726722936010364, 0.24838598959778224], [0.6189375275116429, 0.2689976889563995]]","[array([0., 0., 0., 0., 0., 0., 0., 0., 0.]), array([1., 0., 0., 0., 0., 0., 0., 0., 0.]), array([0., 1., 0., 0., 0., 0., 0., 0., 0.]), array([0., 0., 1., 0., 0., 0., 0., 0., 0.]), array([0., 0., 0., 0., 0., 0., 0., 0., 0.]), array([0., 0., 0., 1., 0., 0., 0., 0., 0.]), array([0., 0., 0., 0., 1., 1., 0., 0., 0.]), array([1., 0., 0., 0., 0., 0., 0., 0., 0.]), array([0., 0., 0., 0., 0., 0., 1., 0., 0.])]"
2,9,4,"[[0.32944426691569995, 0.045588529292500124], [0.5397391985891579, 0.2756438313338282], [0.6192061508463905, 0.15650629562697405], [0.7874609661794783, 0.43546395888112144], [0.217890213650061, 0.10497277517955994], [0.2966809584238693, 0.4538292133522832], [0.9619691806398066, 0.2902240708793036], [0.6904939946973729, 0.6249970713687311], [0.0842230435004222, 0.17067253975981345]]","[array([0., 0., 0., 0., 0., 0., 0., 0., 0.]), array([1., 0., 0., 0., 0., 0., 0., 0., 0.]), array([1., 0., 0., 0., 0., 0., 0., 0., 0.]), array([0., 0., 0., 0., 0., 0., 0., 0., 0.]), array([1., 0., 0., 0., 0., 0., 0., 0., 0.]), array([0., 0., 0., 1., 0., 0., 0., 0., 0.]), array([0., 0., 0., 0., 0., 0., 0., 0., 0.]), array([0., 1., 0., 0., 0., 0., 0., 0., 0.]), array([0., 0., 0., 0., 0., 1., 0., 0., 0.])]"
2,9,5,"[[0.5643056423061029, 0.5744862857844375], [0.7106646590859362, 0.35782249383279596], [0.1582907937645721, 0.8752517479493983], [0.561156556832005, 0.914276994000475], [0.43504655053814634, 0.08660299274236294], [0.5828535242076779, 0.6599909101316972], [0.7188586653493834, 0.5820684775472642], [0.9079108682854491, 0.635363734253308], [0.7520723204493234, 0.27638015226614077]]","[array([0., 0., 0., 0., 0., 0., 0., 0., 0.]), array([0., 0., 0., 0., 0., 0., 0., 0., 0.]), array([0., 0., 0., 0., 0., 0., 0., 0., 0.]), array([0., 1., 0., 0., 0., 0., 0., 0., 0.]), array([0., 0., 1., 1., 0., 0., 0., 0., 0.]), array([0., 0., 0., 0., 0., 0., 0., 0., 0.]), array([1., 0., 0., 0., 0., 0., 0., 0., 0.]), array([0., 0., 0., 0., 0., 0., 1., 0., 0.]), array([0., 1., 1., 1., 1., 1., 0., 0., 0.])]"
2,9,6,"[[0.9333296073315656, 0.4314183051980506], [0.16145916774324853, 0.12243857231214972], [0.6122880417633558, 0.2029595105987685], [0.6941209598037967, 0.7281466608201083], [0.8106412987974674, 0.981096128236224], [0.024892313941980437, 0.7066476559994903], [0.9048178685792047, 0.0018663275542281088], [0.3523158598873287, 0.8066261941579641], [0.7260628789358864, 0.17117619449035537]]","[array([0., 0., 0., 0., 0., 0., 0., 0., 0.]), array([0., 0., 0., 0., 0., 0., 0., 0., 0.]), array([0., 0., 0., 0., 0., 0., 0., 0., 0.]), array([0., 0., 0., 0., 0., 0., 0., 0., 0.]), array([0., 0., 1., 0., 0., 0., 0., 0., 0.]), array([0., 1., 0., 0., 0., 0., 0., 0., 0.]), array([1., 0., 0., 0., 0., 0., 0., 0., 0.]), array([0., 0., 0., 1., 0., 0., 0., 0., 0.]), array([0., 1., 0., 0., 0., 0., 0., 0., 0.])]"
2,9,7,"[[0.4795096412252543, 0.08668400116482156], [0.7016405015430166, 0.9245453948997974], [0.9646559006847928, 0.21938691208183214], [0.5360384873374374, 0.08406910104559318], [0.4635777219006415, 0.39259665010053857], [0.4562990893489466, 0.7603705648569424], [0.9578431409060331, 0.2634108108951022], [0.4429186004937863, 0.6314229111187862], [0.26807673412784916, 0.8168367421642428]]","[array([0., 0., 0., 0., 0., 0., 0., 0., 0.]), array([1., 0., 0., 0., 0., 0., 0., 0., 0.]), array([1., 0., 0., 0., 0., 0., 0., 0., 0.]), array([0., 1., 0., 0., 0., 0., 0., 0., 0.]), array([0., 1., 0., 0., 0., 0., 0., 0., 0.]), array([0., 0., 0., 0., 0., 0., 0., 0., 0.]), array([0., 0., 0., 0., 0., 0., 0., 0., 0.]), array([0., 0., 0., 0., 1., 0., 0., 0., 0.]), array([0., 0., 1., 0., 0., 1., 1., 0., 0.])]"
2,9,8,"[[0.43779661216077215, 0.7754678866099624], [0.7778808402465984, 0.35878514101471926], [0.442585650672331, 0.7364614605219095], [0.6262653813697757, 0.7924173177409297], [0.0012560837127416624, 0.030042341748022672], [0.35443506430442195, 0.8706156328487678], [0.2474211496279688, 0.5458658964567267], [0.9947146423745746, 0.8887308895235466], [0.496416886049731, 0.905804979428162]]","[array([0., 0., 0., 0., 0., 0., 0., 0., 0.]), array([0., 0., 0., 0., 0., 0., 0., 0., 0.]), array([0., 0., 0., 0., 0., 0., 0., 0., 0.]), array([0., 0., 0., 0., 0., 0., 0., 0., 0.]), array([0., 1., 0., 0., 0., 0., 0., 0., 0.]), array([0., 1., 0., 0., 1., 0., 0., 0., 0.]), array([0., 0., 1., 0., 0., 0., 0., 0., 0.]), array([0., 0., 0., 0., 0., 0., 0., 0., 0.]), array([0., 0., 0., 1., 0., 0., 1., 0., 0.])]"
2,9,9,"[[0.9943488242549391, 0.6041729902705996], [0.09860328313198119, 0.2353129652151289], [0.722482002610412, 0.0643024695368829], [0.7584968847024924, 0.6998960354787643], [0.6628929605605619, 0.5079110296579944], [0.44574380935878644, 0.9238277846986905], [0.7952245524610323, 0.6009543028670499], [0.5245867476956484, 0.4027263213534765], [0.27506490323238386, 0.6233705349060558]]","[array([0., 0., 0., 0., 0., 0., 0., 0., 0.]), array([0., 0., 0., 0., 0., 0., 0., 0., 0.]), array([0., 0., 0., 0., 0., 0., 0., 0., 0.]), array([0., 0., 0., 0., 0., 0., 0., 0., 0.]), array([0., 0., 0., 1., 0., 0., 0., 0., 0.]), array([0., 0., 0., 0., 1., 0., 0., 0., 0.]), array([0., 1., 0., 0., 0., 0., 0., 0., 0.]), array([0., 0., 0., 0., 0., 0., 0., 0., 0.]), array([0., 0., 0., 0., 0., 0., 0., 0., 0.])]"
2,12,0,"[[0.03811342243350335, 0.8334648301721226], [0.6934453123823916, 0.8674660731383492], [0.07389708025904607, 0.9828398441992466], [0.6280447402067879, 0.44110617687623566], [0.12061670572738525, 0.5147886812125196], [0.020374628721425148, 0.44127549511397646], [0.8921775974776139, 0.8470848296961945], [0.868403482615336, 0.19426422569140578], [0.9250231207206946, 0.12871554804747554], [0.6985364091134293, 0.25485532637627883], [0.948134450625137, 0.4738052446430757], [0.40418852070971023, 0.5193149167426171]]","[array([0., 0., 0., 0., 0., 0., 0., 0., 0., 0., 0., 0.]), array([0., 0., 0., 0., 0., 0., 0., 0., 0., 0., 0., 0.]), array([0., 0., 0., 0., 0., 0., 0., 0., 0., 0., 0., 0.]), array([0., 0., 0., 0., 0., 0., 0., 0., 0., 0., 0., 0.]), array([0., 1., 0., 0., 0., 0., 0., 0., 0., 0., 0., 0.]), array([0., 0., 1., 1., 1., 0., 0., 0., 0., 0., 0., 0.]), array([0., 0., 0., 0., 1., 1., 0., 0., 0., 0., 0., 0.]), array([0., 0., 0., 0., 1., 1., 0., 0., 0., 0., 0., 0.]), array([0., 0., 0., 0., 0., 0., 0., 0., 0., 0., 0., 0.]), array([1., 0., 0., 0., 0., 0., 0., 0., 1., 0., 0., 0.]), array([0., 0., 0., 0., 0., 0., 0., 0., 0., 0., 0., 0.]), array([0., 0., 0., 0., 0., 0., 1., 1., 0., 0., 1., 0.])]"
2,12,1,"[[0.3169490959144816, 0.6852488224145459], [0.5432624115268124, 0.47508206667322084], [0.8867607318706092, 0.9174644341151397], [0.931588466370789, 0.6103351396979212], [0.01633611506150212, 0.18035026549187405], [0.2674184973912559, 0.7414184025683339], [0.9366131509338097, 0.8457912594661078], [0.8858115823228037, 0.7707649183953775], [0.40642883767048, 0.5377310345870003], [0.6698837762288526, 0.8545720013474], [0.8027706901229363, 0.47727669227504776], [0.3206955776963032, 0.23480236151469358]]","[array([0., 0., 0., 0., 0., 0., 0., 0., 0., 0., 0., 0.]), array([0., 0., 0., 0., 0., 0., 0., 0., 0., 0., 0., 0.]), array([1., 0., 0., 0., 0., 0., 0., 0., 0., 0., 0., 0.]), array([0., 0., 0., 0., 0., 0., 0., 0., 0., 0., 0., 0.]), array([0., 0., 1., 0., 0., 0., 0., 0., 0., 0., 0., 0.]), array([0., 0., 0., 0., 0., 0., 0., 0., 0., 0., 0., 0.]), array([0., 0., 1., 0., 0., 0., 0., 0., 0., 0., 0., 0.]), array([0., 0., 0., 0., 0., 1., 0., 0., 0., 0., 0., 0.]), array([0., 1., 0., 0., 0., 1., 0., 1., 0., 0., 0., 0.]), array([0., 0., 0., 0., 0., 0., 1., 1., 1., 0., 0., 0.]), array([0., 0., 0., 1., 0., 0., 0., 0., 0., 0., 0., 0.]), array([0., 0., 0., 0., 0., 0., 0., 1., 1., 1., 0., 0.])]"
2,12,2,"[[0.6619369152492737, 0.8340018617191455], [0.27582177973679667, 0.05324882008016063], [0.7110602044752875, 0.8163430925279119], [0.5528305450883542, 0.24136531950049733], [0.15474039754026836, 0.5789631695451388], [0.6417496600186847, 0.7827375652516354], [0.025437384466802992, 0.5957249365668938], [0.0031701182992429633, 0.9891121819554406], [0.6070121874140846, 0.905069918703749], [0.8604857669083957, 0.6147233895323091], [0.8238419061465763, 0.023207011825970514], [0.8619528891333342, 0.03750649977208376]]","[array([0., 0., 0., 0., 0., 0., 0., 0., 0., 0., 0., 0.]), array([0., 0., 0., 0., 0., 0., 0., 0., 0., 0., 0., 0.]), array([0., 0., 0., 0., 0., 0., 0., 0., 0., 0., 0., 0.]), array([0., 0., 0., 0., 0., 0., 0., 0., 0., 0., 0., 0.]), array([1., 0., 0., 0., 0., 0., 0., 0., 0., 0., 0., 0.]), array([0., 0., 0., 1., 0., 0., 0., 0., 0., 0., 0., 0.]), array([0., 0., 1., 0., 0., 0., 0., 0., 0., 0., 0., 0.]), array([0., 1., 0., 0., 0., 0., 1., 0., 0., 0., 0., 0.]), array([0., 0., 0., 0., 1., 0., 0., 0., 0., 0., 0., 0.]), array([0., 0., 0., 0., 0., 0., 0., 1., 0., 0., 0., 0.]), array([0., 0., 0., 0., 0., 0., 0., 1., 0., 0., 0., 0.]), array([0., 0., 0., 0., 1., 0., 0., 0., 1., 0., 0., 0.])]"
2,12,3,"[[0.8580779152709204, 0.6541849689898135], [0.4905943240471786, 0.28011494611185395], [0.3474483998436114, 0.8423184639839959], [0.7850222098004361, 0.025694486295297803], [0.6791376939805241, 0.602897608488431], [0.38176373187068724, 0.9222980420170852], [0.011505335308941822, 0.6987756102352604], [0.489803641502228, 0.10024960783617898], [0.7951764631576208, 0.4639466424636354], [0.81819041565174, 0.9554851116258753], [0.6421532647334907, 0.8011949616404209], [0.7506609200899278, 0.9345260025304388]]","[array([0., 0., 0., 0., 0., 0., 0., 0., 0., 0., 0., 0.]), array([0., 0., 0., 0., 0., 0., 0., 0., 0., 0., 0., 0.]), array([0., 0., 0., 0., 0., 0., 0., 0., 0., 0., 0., 0.]), array([0., 0., 1., 0., 0., 0., 0., 0., 0., 0., 0., 0.]), array([1., 0., 0., 0., 0., 0., 0., 0., 0., 0., 0., 0.]), array([0., 0., 1., 1., 0., 0., 0., 0., 0., 0., 0., 0.]), array([0., 0., 0., 0., 0., 0., 0., 0., 0., 0., 0., 0.]), array([0., 0., 0., 0., 0., 0., 1., 0., 0., 0., 0., 0.]), array([1., 0., 0., 0., 1., 0., 0., 0., 0., 0., 0., 0.]), array([0., 0., 0., 1., 0., 0., 0., 0., 0., 0., 0., 0.]), array([0., 0., 0., 1., 0., 0., 0., 0., 0., 0., 0., 0.]), array([0., 0., 0., 0., 0., 1., 0., 0., 0., 0., 1., 0.])]"
2,12,4,"[[0.3375029357176549, 0.9188432611043351], [0.9156599107828011, 0.33105631922469836], [0.6814384415743374, 0.9762153009195956], [0.7029851352932538, 0.381565961664615], [0.8258901768069301, 0.1581294043115442], [0.5034910977568455, 0.29410871292499297], [0.880645234582797, 0.009102842329710592], [0.7517374682049941, 0.8051197553517258], [0.6957026906701818, 0.8193320943108036], [0.6371258774276518, 0.41091422439327874], [0.9379672041304609, 0.04516966450112603], [0.9943161425501086, 0.4700489054624448]]","[array([0., 0., 0., 0., 0., 0., 0., 0., 0., 0., 0., 0.]), array([0., 0., 0., 0., 0., 0., 0., 0., 0., 0., 0., 0.]), array([1., 1., 0., 0., 0., 0., 0., 0., 0., 0., 0., 0.]), array([0., 0., 0., 0., 0., 0., 0., 0., 0., 0., 0., 0.]), array([0., 0., 0., 0., 0., 0., 0., 0., 0., 0., 0., 0.]), array([0., 0., 0., 0., 0., 0., 0., 0., 0., 0., 0., 0.]), array([0., 0., 0., 0., 0., 1., 0., 0., 0., 0., 0., 0.]), array([0., 0., 0., 0., 1., 0., 0., 0., 0., 0., 0., 0.]), array([1., 1., 0., 0., 0., 0., 0., 0., 0., 0., 0., 0.]), array([0., 0., 0., 0., 1., 0., 0., 1., 0., 0., 0., 0.]), array([0., 0., 0., 0., 0., 0., 0., 0., 1., 0., 0., 0.]), array([0., 0., 1., 1., 0., 0., 0., 0., 0., 0., 0., 0.])]"
2,12,5,"[[0.25246427191504495, 0.8809820642172194], [0.13200067610707134, 0.005091161208263251], [0.2901814381254437, 0.6491107532010182], [0.6306496647668498, 0.5006705861895262], [0.36880441626571026, 0.12228978830873116], [0.5280630346662825, 0.8066315622385521], [0.957789335765894, 0.864835635910229], [0.6803576471909126, 0.3373964396185676], [0.9127713497982689, 0.9065784827894336], [0.6574265147596504, 0.3788853859980882], [0.8077185186234856, 0.6741441201999051], [0.9925462969151665, 0.318716145757315]]","[array([0., 0., 0., 0., 0., 0., 0., 0., 0., 0., 0., 0.]), array([1., 0., 0., 0., 0., 0., 0., 0., 0., 0., 0., 0.]), array([0., 0., 0., 0., 0., 0., 0., 0., 0., 0., 0., 0.]), array([0., 0., 0., 0., 0., 0., 0., 0., 0., 0., 0., 0.]), array([0., 0., 0., 1., 0., 0., 0., 0., 0., 0., 0., 0.]), array([0., 0., 1., 0., 1., 0., 0., 0., 0., 0., 0., 0.]), array([0., 1., 0., 0., 0., 0., 0., 0., 0., 0., 0., 0.]), array([0., 0., 0., 1., 0., 0., 0., 0., 0., 0., 0., 0.]), array([0., 0., 0., 1., 0., 0., 0., 0., 0., 0., 0., 0.]), array([0., 0., 0., 0., 1., 1., 1., 0., 1., 0., 0., 0.]), array([0., 0., 0., 1., 0., 0., 0., 0., 0., 0., 0., 0.]), array([1., 0., 0., 0., 0., 0., 0., 0., 0., 0., 0., 0.])]"
2,12,6,"[[0.7177967778112823, 0.3669807924147599], [0.6844995670782419, 0.3254161354430217], [0.45003850853290883, 0.013275057771124366], [0.8364054526487426, 0.7366454177538968], [0.869716256118736, 0.975589496507128], [0.20176896209569006, 0.9387318940995001], [0.9997615079439778, 0.742360226541819], [0.2459135504876181, 0.37105072587387256], [0.49490815989491466, 0.9210092744926194], [0.8174042143595714, 0.156429385040871], [0.0785220719378994, 0.8546492555537364], [0.33167074775513616, 0.790799905210993]]","[array([0., 0., 0., 0., 0., 0., 0., 0., 0., 0., 0., 0.]), array([0., 0., 0., 0., 0., 0., 0., 0., 0., 0., 0., 0.]), array([1., 0., 0., 0., 0., 0., 0., 0., 0., 0., 0., 0.]), array([1., 0., 0., 0., 0., 0., 0., 0., 0., 0., 0., 0.]), array([0., 0., 1., 0., 0., 0., 0., 0., 0., 0., 0., 0.]), array([0., 0., 0., 0., 1., 0., 0., 0., 0., 0., 0., 0.]), array([0., 0., 0., 0., 0., 0., 0., 0., 0., 0., 0., 0.]), array([0., 1., 0., 1., 0., 0., 0., 0., 0., 0., 0., 0.]), array([0., 0., 0., 0., 1., 0., 0., 0., 0., 0., 0., 0.]), array([0., 0., 0., 0., 1., 0., 0., 0., 0., 0., 0., 0.]), array([0., 0., 0., 0., 1., 0., 0., 0., 0., 0., 0., 0.]), array([0., 0., 0., 0., 0., 1., 0., 0., 1., 0., 0., 0.])]"
2,12,7,"[[0.8394864851519244, 0.13389030214997766], [0.575849169933225, 0.13396352728450622], [0.6668012330332269, 0.4562198854332703], [0.07502459510299775, 0.9315179987427502], [0.25517154129233466, 0.9572654964465476], [0.7269804695673805, 0.4916374733425818], [0.10568441854703259, 0.3173543891107373], [0.6003654768375435, 0.5450401228260022], [0.2794689516079094, 0.302345525453236], [0.05421385900993769, 0.800424261687749], [0.5369287638193526, 0.10791880338748583], [0.9229757721955378, 0.8277343572678407]]","[array([0., 0., 0., 0., 0., 0., 0., 0., 0., 0., 0., 0.]), array([0., 0., 0., 0., 0., 0., 0., 0., 0., 0., 0., 0.]), array([1., 1., 0., 0., 0., 0., 0., 0., 0., 0., 0., 0.]), array([0., 0., 1., 0., 0., 0., 0., 0., 0., 0., 0., 0.]), array([0., 0., 0., 0., 0., 0., 0., 0., 0., 0., 0., 0.]), array([0., 0., 1., 0., 0., 0., 0., 0., 0., 0., 0., 0.]), array([0., 0., 0., 0., 1., 0., 0., 0., 0., 0., 0., 0.]), array([0., 0., 0., 0., 0., 0., 1., 0., 0., 0., 0., 0.]), array([0., 0., 1., 0., 0., 0., 0., 0., 0., 0., 0., 0.]), array([0., 0., 0., 0., 0., 0., 0., 0., 0., 0., 0., 0.]), array([0., 0., 0., 0., 0., 0., 0., 0., 1., 0., 0., 0.]), array([0., 0., 0., 0., 0., 0., 0., 0., 0., 0., 0., 0.])]"
2,12,8,"[[0.47885534400347396, 0.031042461222918205], [0.9128631199679763, 0.4427496890082192], [0.2169292803057149, 0.6803928105019794], [0.1358887787943006, 0.89248541137871], [0.18999586057404105, 0.330711021359235], [0.11144742813364505, 0.9188965964570328], [0.5089500044769332, 0.13274566627908246], [0.309342466403262, 0.4696636953651637], [0.6061325848683697, 0.08318102813489137], [0.9777079523952724, 0.6235310708651808], [0.6116737114704224, 0.7086288935323862], [0.07621406629027894, 0.6669069478642697]]","[array([0., 0., 0., 0., 0., 0., 0., 0., 0., 0., 0., 0.]), array([0., 0., 0., 0., 0., 0., 0., 0., 0., 0., 0., 0.]), array([1., 0., 0., 0., 0., 0., 0., 0., 0., 0., 0., 0.]), array([0., 1., 1., 0., 0., 0., 0., 0., 0., 0., 0., 0.]), array([0., 0., 0., 0., 0., 0., 0., 0., 0., 0., 0., 0.]), array([0., 0., 0., 0., 0., 0., 0., 0., 0., 0., 0., 0.]), array([0., 0., 0., 0., 0., 1., 0., 0., 0., 0., 0., 0.]), array([0., 0., 0., 0., 0., 0., 0., 0., 0., 0., 0., 0.]), array([0., 0., 0., 0., 0., 0., 0., 0., 0., 0., 0., 0.]), array([0., 0., 0., 0., 1., 0., 0., 0., 1., 0., 0., 0.]), array([0., 0., 0., 0., 0., 0., 0., 0., 0., 1., 0., 0.]), array([0., 0., 0., 0., 0., 0., 0., 0., 0., 0., 0., 0.])]"
2,12,9,"[[0.5831785298053899, 0.2654141659528263], [0.552014284374023, 0.3241610805913049], [0.43932043894685924, 0.5117037272995687], [0.9395552768479266, 0.5679241973390811], [0.031844823201801375, 0.9608620892559958], [0.2505510821697653, 0.3015070582185234], [0.6740878243754802, 0.5192181534935983], [0.508767479258481, 0.6721874347887947], [0.772660053531067, 0.9660587412533819], [0.20964906426030439, 0.887991445406441], [0.3775642215112799, 0.6586870128448793], [0.8619759747718448, 0.2548770483556776]]","[array([0., 0., 0., 0., 0., 0., 0., 0., 0., 0., 0., 0.]), array([1., 0., 0., 0., 0., 0., 0., 0., 0., 0., 0., 0.]), array([1., 0., 0., 0., 0., 0., 0., 0., 0., 0., 0., 0.]), array([0., 0., 0., 0., 0., 0., 0., 0., 0., 0., 0., 0.]), array([0., 0., 1., 0., 0., 0., 0., 0., 0., 0., 0., 0.]), array([0., 0., 0., 0., 0., 0., 0., 0., 0., 0., 0., 0.]), array([0., 0., 0., 0., 0., 0., 0., 0., 0., 0., 0., 0.]), array([0., 0., 1., 0., 0., 0., 0., 0., 0., 0., 0., 0.]), array([0., 0., 0., 0., 0., 0., 0., 1., 0., 0., 0., 0.]), array([0., 0., 0., 0., 0., 0., 0., 1., 0., 0., 0., 0.]), array([0., 1., 0., 0., 0., 0., 0., 0., 0., 1., 0., 0.]), array([0., 1., 0., 0., 0., 0., 0., 0., 0., 0., 1., 0.])]"
3,6,0,"[[0.6473087283761653, 0.32022198038525584, 0.3046515070127661], [0.22888058428642533, 0.42728999058180384, 0.702028628624087], [0.06801388142601816, 0.9358459120544865, 0.20094828658863195], [0.9667025163284048, 0.8632308035418432, 0.3926744878039615], [0.553655618068205, 0.8448438352070006, 0.04327932304305737], [0.8785677029568822, 0.7720870844964749, 0.41167878653697754]]","[array([0., 0., 0., 0., 0., 0.]), array([0., 0., 0., 0., 0., 0.]), array([0., 0., 0., 0., 0., 0.]), array([0., 1., 0., 0., 0., 0.]), array([0., 0., 1., 0., 0., 0.]), array([0., 0., 0., 0., 1., 0.])]"
3,6,1,"[[0.3952271954962736, 0.26403453083352757, 0.9004037721243324], [0.4840156157751455, 0.8457283438921432, 0.9900860571053837], [0.9162086348090124, 0.9042631432310155, 0.6144148522299671], [0.7893179435467232, 0.555575497901193, 0.3471456537551171], [0.25346209128291797, 0.9992884893789219, 0.40608203336221094], [0.30861394188735647, 0.2544238820618262, 0.2845610923150347]]","[array([0., 0., 0., 0., 0., 0.]), array([1., 0., 0., 0., 0., 0.]), array([0., 0., 0., 0., 0., 0.]), array([1., 1., 0., 0., 0., 0.]), array([0., 1., 0., 0., 0., 0.]), array([0., 0., 0., 0., 0., 0.])]"
3,6,2,"[[0.247996440799521, 0.14174713887235801, 0.6615394962710254], [0.2863673669622898, 0.13294638962259575, 0.8117326478588883], [0.1391109703766915, 0.05767125929147021, 0.572529003147076], [0.16417620608612093, 0.3498890852458967, 0.33738880634830537], [0.41251639502448423, 0.41360787181334446, 0.6142454783144398], [0.19064832099907036, 0.902716439881241, 0.12263859063327598]]","[array([0., 0., 0., 0., 0., 0.]), array([1., 0., 0., 0., 0., 0.]), array([0., 1., 0., 0., 0., 0.]), array([0., 0., 0., 0., 0., 0.]), array([0., 0., 0., 0., 0., 0.]), array([1., 0., 0., 0., 0., 0.])]"
3,6,3,"[[0.31626105783684333, 0.04972860779201216, 0.37899874335688066], [0.23322103473365963, 0.4222999584861403, 0.6153033630914891], [0.7311418640613095, 0.4196146119416829, 0.4460680362815457], [0.20100035422132545, 0.5310764023313608, 0.34085664959442064], [0.1209188310670295, 0.08410655784393528, 0.16908781283617458], [0.27530682623854896, 0.9906434188783654, 0.9743140716055444]]","[array([0., 0., 0., 0., 0., 0.]), array([0., 0., 0., 0., 0., 0.]), array([0., 0., 0., 0., 0., 0.]), array([0., 0., 0., 0., 0., 0.]), array([0., 0., 1., 0., 0., 0.]), array([0., 0., 0., 0., 0., 0.])]"
3,6,4,"[[0.2093686874280296, 0.23350649029113513, 0.6681498770032395], [0.35057281194717405, 0.13895788797205066, 0.42561093871188094], [0.13710541373779994, 0.42275553445220826, 0.5681545324165415], [0.11828007530606544, 0.7452626249393078, 0.24519230946173354], [0.24047483151969007, 0.31562020453466477, 0.9245735705205745], [0.24406179541411688, 0.4457318616273006, 0.2372533067536755]]","[array([0., 0., 0., 0., 0., 0.]), array([0., 0., 0., 0., 0., 0.]), array([0., 1., 0., 0., 0., 0.]), array([0., 0., 0., 0., 0., 0.]), array([0., 0., 0., 0., 0., 0.]), array([0., 0., 0., 0., 0., 0.])]"
3,6,5,"[[0.10848478522398541, 0.4529414886302848, 0.8306366222466688], [0.6040927487846732, 0.02046566632686886, 0.7987972388793352], [0.7980517015990989, 0.04689775193903212, 0.18858630851102853], [0.711471389415576, 0.025664016657078514, 0.29377362070865776], [0.49175632414999926, 0.3453385244343039, 0.4053807077444892], [0.9096205007266658, 0.438763278991802, 0.751347329722619]]","[array([0., 0., 0., 0., 0., 0.]), array([0., 0., 0., 0., 0., 0.]), array([0., 0., 0., 0., 0., 0.]), array([1., 1., 0., 0., 0., 0.]), array([0., 0., 0., 1., 0., 0.]), array([0., 0., 1., 0., 0., 0.])]"
3,6,6,"[[0.42333688813362447, 0.6484952198790815, 0.6834837735832664], [0.9108716665676759, 0.26093343299660166, 0.4818019144057848], [0.27262584801085754, 0.017078804063702102, 0.6796779809958556], [0.6739840628529601, 0.49578281462229734, 0.1628274129047953], [0.3742771160458417, 0.05706491562008431, 0.35352119356301936], [0.1420090790859727, 0.8731903859720833, 0.5222618364686469]]","[array([0., 0., 0., 0., 0., 0.]), array([0., 0., 0., 0., 0., 0.]), array([0., 0., 0., 0., 0., 0.]), array([0., 0., 0., 0., 0., 0.]), array([0., 0., 0., 0., 0., 0.]), array([0., 1., 0., 1., 1., 0.])]"
3,6,7,"[[0.8972342634517446, 0.8487568777834487, 0.11134674197155248], [0.3057239295119555, 0.6959625013914252, 0.48797247353150486], [0.6483467755700698, 0.8806739984646652, 0.20884496774735017], [0.7401205720384232, 0.553472497453988, 0.8846793291507017], [0.033380500302799265, 0.8521428763565037, 0.9623481725682774], [0.3936615550877788, 0.30825891080491685, 0.09386859541837711]]","[array([0., 0., 0., 0., 0., 0.]), array([0., 0., 0., 0., 0., 0.]), array([0., 1., 0., 0., 0., 0.]), array([0., 0., 0., 0., 0., 0.]), array([0., 1., 0., 0., 0., 0.]), array([0., 0., 0., 0., 0., 0.])]"
3,6,8,"[[0.3810590444386468, 0.6316621786539123, 0.30576614576322425], [0.34747421325533556, 0.5222099834701873, 0.7237067986971399], [0.7656615155105791, 0.4062562842951466, 0.005471419699360824], [0.9906730716342794, 0.5185488102988067, 0.042152752915896374], [0.7251565643053767, 0.05422942422712074, 0.03618061973762887], [0.9947853759313195, 0.26163306746135107, 0.5885079684879231]]","[array([0., 0., 0., 0., 0., 0.]), array([0., 0., 0., 0., 0., 0.]), array([0., 0., 0., 0., 0., 0.]), array([1., 0., 0., 0., 0., 0.]), array([0., 1., 0., 0., 0., 0.]), array([0., 0., 0., 0., 0., 0.])]"
3,6,9,"[[0.12204496861738146, 0.7253644331719876, 0.702397351056522], [0.7492802703004889, 0.4773324562739385, 0.267277012181648], [0.5779326072262706, 0.7678850262427864, 0.17243724928184367], [0.7068397707981686, 0.38295679450111586, 0.813655076600033], [0.8316137765957851, 0.5533165824439131, 0.9325753110706323], [0.6651103079998532, 0.9133648424064454, 0.8367266315530915]]","[array([0., 0., 0., 0., 0., 0.]), array([0., 0., 0., 0., 0., 0.]), array([0., 0., 0., 0., 0., 0.]), array([0., 0., 1., 0., 0., 0.]), array([0., 0., 0., 0., 0., 0.]), array([0., 1., 1., 1., 0., 0.])]"
3,9,0,"[[0.7404239209195684, 0.09298232043236154, 0.3994207349819544], [0.5806821129083835, 0.7787680559458132, 0.23006425809090758], [0.9037322677829748, 0.5064731706173549, 0.49444041260870775], [0.3626006724749259, 0.5842184355905817, 0.22505388551072525], [0.540749584509559, 0.33858015989811585, 0.8755758399587691], [0.8130299846831719, 0.22468646939301795, 0.9697449013667598], [0.6525020175435976, 0.7143255075467533, 0.5776546936848579], [0.3239302833605042, 0.6224740944131679, 0.39643283041149313], [0.907078711645862, 0.9002912414679948, 0.3657268508124648]]","[array([0., 0., 0., 0., 0., 0., 0., 0., 0.]), array([0., 0., 0., 0., 0., 0., 0., 0., 0.]), array([0., 0., 0., 0., 0., 0., 0., 0., 0.]), array([1., 0., 0., 0., 0., 0., 0., 0., 0.]), array([0., 0., 0., 0., 0., 0., 0., 0., 0.]), array([0., 1., 0., 0., 1., 0., 0., 0., 0.]), array([0., 0., 0., 1., 0., 0., 0., 0., 0.]), array([0., 0., 0., 0., 0., 0., 0., 0., 0.]), array([0., 0., 1., 0., 0., 0., 0., 0., 0.])]"
3,9,1,"[[0.8853225138309662, 0.3302189412296065, 0.68791970908658], [0.16031036183197334, 0.5450865760867557, 0.6744684295728932], [0.8801181158536867, 0.6205522160156944, 0.7784265650117326], [0.6972257390562971, 0.26239816963284046, 0.8911655144804791], [0.977563230706059, 0.8802525401324522, 0.09272250215308553], [0.9035142790785654, 0.07723667495919628, 0.30455049489861596], [0.6335711588000187, 0.6434847561213057, 0.36379081765303656], [0.11858326101557815, 0.6171379094800621, 0.5105657592069531], [0.05701893507150002, 0.08126320737055137, 0.5279739985090434]]","[array([0., 0., 0., 0., 0., 0., 0., 0., 0.]), array([0., 0., 0., 0., 0., 0., 0., 0., 0.]), array([0., 1., 0., 0., 0., 0., 0., 0., 0.]), array([0., 0., 0., 0., 0., 0., 0., 0., 0.]), array([1., 0., 1., 0., 0., 0., 0., 0., 0.]), array([0., 0., 0., 0., 0., 0., 0., 0., 0.]), array([0., 0., 0., 0., 0., 0., 0., 0., 0.]), array([0., 0., 0., 1., 0., 0., 0., 0., 0.]), array([0., 0., 0., 0., 0., 1., 1., 0., 0.])]"
3,9,2,"[[0.37538776165996623, 0.10634450921592742, 0.5280553041275174], [0.48923185279024084, 0.11102679963004458, 0.7004537960622689], [0.7501203105056446, 0.2827785683999302, 0.07668760438042466], [0.16810567726704906, 0.8885614336355652, 0.9290611770561398], [0.03462540011462434, 0.7652410662555162, 0.12528147245541532], [0.27959724082669657, 0.5940681182892031, 0.4108294692099952], [0.934617148310731, 0.7573796925837633, 0.026432299052509878], [0.6883625701464658, 0.41854627392171573, 0.437795587833808], [0.1179571542162674, 0.14307116915110696, 0.5498812323861442]]","[array([0., 0., 0., 0., 0., 0., 0., 0., 0.]), array([0., 0., 0., 0., 0., 0., 0., 0., 0.]), array([1., 0., 0., 0., 0., 0., 0., 0., 0.]), array([0., 0., 0., 0., 0., 0., 0., 0., 0.]), array([0., 0., 0., 0., 0., 0., 0., 0., 0.]), array([0., 0., 0., 0., 0., 0., 0., 0., 0.]), array([0., 0., 0., 0., 0., 0., 0., 0., 0.]), array([0., 0., 0., 0., 0., 0., 0., 0., 0.]), array([0., 1., 0., 0., 0., 0., 0., 0., 0.])]"
3,9,3,"[[0.6504942449961432, 0.029085110412161552, 0.5715094500632478], [0.025688786729382906, 0.5832481167046738, 0.19997644105024304], [0.9661383444102378, 0.8925286588150931, 0.21473687128838248], [0.6857729995834552, 0.003073603704810135, 0.11121363829630992], [0.384947819544576, 0.863859020029919, 0.7039240426092683], [0.9947032964053482, 0.9075528647362401, 0.6153855606792279], [0.984264084402897, 0.13232022678545208, 0.9348708528631876], [0.8471110132494728, 0.013523036487708029, 0.6644471051331193], [0.9933647383257891, 0.042501045192593234, 0.20372275179162092]]","[array([0., 0., 0., 0., 0., 0., 0., 0., 0.]), array([0., 0., 0., 0., 0., 0., 0., 0., 0.]), array([0., 0., 0., 0., 0., 0., 0., 0., 0.]), array([1., 0., 0., 0., 0., 0., 0., 0., 0.]), array([0., 0., 0., 1., 0., 0., 0., 0., 0.]), array([0., 0., 0., 0., 0., 0., 0., 0., 0.]), array([0., 1., 0., 0., 0., 0., 0., 0., 0.]), array([0., 1., 0., 0., 0., 0., 0., 0., 0.]), array([0., 0., 0., 0., 0., 0., 0., 0., 0.])]"
3,9,4,"[[0.09572515366927958, 0.9635141784368334, 0.2652319596219066], [0.6964440445424127, 0.7909623174096297, 0.009084895120558323], [0.5315685408906269, 0.8337264278423315, 0.017994396223340314], [0.10624607542363507, 0.2024548188103561, 0.20028076009656592], [0.5873554901341035, 0.4896710836251722, 0.1723057399063147], [0.1881032826251754, 0.9125156083274195, 0.6538749510197105], [0.4767165435100934, 0.5893114194105642, 0.5595579779283429], [0.9054905834232939, 0.17338711489239322, 0.1755584099884745], [0.9082147435119647, 0.861084721483194, 0.26311500398335197]]","[array([0., 0., 0., 0., 0., 0., 0., 0., 0.]), array([0., 0., 0., 0., 0., 0., 0., 0., 0.]), array([0., 1., 0., 0., 0., 0., 0., 0., 0.]), array([1., 0., 1., 0., 0., 0., 0., 0., 0.]), array([0., 0., 0., 0., 0., 0., 0., 0., 0.]), array([0., 0., 0., 0., 1., 0., 0., 0., 0.]), array([1., 0., 1., 0., 0., 0., 0., 0., 0.]), array([0., 0., 0., 0., 0., 0., 0., 0., 0.]), array([0., 0., 0., 0., 0., 0., 0., 0., 0.])]"
3,9,5,"[[0.4592764749560876, 0.9332922977931386, 0.5593895154249272], [0.4399743552319493, 0.33630077635325994, 0.8856562960655893], [0.43161768621581864, 0.49006288534503817, 0.08319050624664459], [0.31535647376772447, 0.5297886224242072, 0.1299963637498217], [0.24456052603133038, 0.9821007936209435, 0.09963393961842415], [0.7218537637384707, 0.7345964470509014, 0.6214004859279499], [0.8144458173049155, 0.4105297912901469, 0.5728350053806065], [0.2809675933447634, 0.4843289106743355, 0.5182590316958449], [0.6018601350582938, 0.914039694503625, 0.0405691376753714]]","[array([0., 0., 0., 0., 0., 0., 0., 0., 0.]), array([1., 0., 0., 0., 0., 0., 0., 0., 0.]), array([0., 0., 0., 0., 0., 0., 0., 0., 0.]), array([0., 0., 0., 0., 0., 0., 0., 0., 0.]), array([0., 1., 0., 1., 0., 0., 0., 0., 0.]), array([0., 0., 0., 0., 0., 0., 0., 0., 0.]), array([1., 0., 0., 0., 0., 0., 0., 0., 0.]), array([0., 0., 0., 0., 0., 0., 0., 0., 0.]), array([0., 0., 0., 0., 0., 0., 1., 0., 0.])]"
3,9,6,"[[0.03294273664091352, 0.6233545338756852, 0.8723215927302497], [0.1954684890923606, 0.651355933071983, 0.059935145317824845], [0.22737219775943218, 0.9085385462096712, 0.009296385855432021], [0.895625284365661, 0.6739885401369284, 0.14139171201292355], [0.29737746319178804, 0.9416106415378255, 0.9053585110039167], [0.49439648087467714, 0.9823234031208311, 0.13070943884311859], [0.35993700789479177, 0.1980732291440186, 0.2043366559985531], [0.09110124639176909, 0.42447015583665215, 0.3588065226395054], [0.8263326968992841, 0.414697260823618, 0.12318835390419514]]","[array([0., 0., 0., 0., 0., 0., 0., 0., 0.]), array([0., 0., 0., 0., 0., 0., 0., 0., 0.]), array([1., 1., 0., 0., 0., 0., 0., 0., 0.]), array([0., 0., 1., 0., 0., 0., 0., 0., 0.]), array([0., 0., 0., 0., 0., 0., 0., 0., 0.]), array([0., 0., 0., 0., 0., 0., 0., 0., 0.]), array([0., 0., 0., 0., 0., 1., 0., 0., 0.]), array([0., 0., 0., 0., 0., 0., 0., 0., 0.]), array([0., 0., 0., 0., 0., 0., 0., 0., 0.])]"
3,9,7,"[[0.6436625479327558, 0.5490429828729899, 0.6689332838545149], [0.8331094696436134, 0.6014146900153244, 0.3086947763317349], [0.6337968939586236, 0.4651453863529904, 0.27964476683456907], [0.03983960356269556, 0.6014910656692971, 0.40307380839146434], [0.2937723551337704, 0.9570118016295781, 0.809577316509131], [0.02635443680581029, 0.2585511888466353, 0.6216894030725799], [0.6692325800832261, 0.6831281061025688, 0.07189904328246932], [0.2661768221749924, 0.6095642818673138, 0.9690934005938162], [0.37261035991194724, 0.6907387943613262, 0.6691795833763748]]","[array([0., 0., 0., 0., 0., 0., 0., 0., 0.]), array([0., 0., 0., 0., 0., 0., 0., 0., 0.]), array([0., 0., 0., 0., 0., 0., 0., 0., 0.]), array([0., 0., 1., 0., 0., 0., 0., 0., 0.]), array([0., 1., 0., 0., 0., 0., 0., 0., 0.]), array([0., 1., 0., 0., 0., 0., 0., 0., 0.]), array([1., 0., 0., 0., 0., 0., 0., 0., 0.]), array([0., 0., 0., 0., 0., 0., 1., 0., 0.]), array([0., 0., 0., 0., 0., 1., 0., 1., 0.])]"
3,9,8,"[[0.8279438269873397, 0.5045484913529817, 0.7877665211649619], [0.9768528150103202, 0.38177439673585956, 0.3732186655303176], [0.056202059043938934, 0.27957733674773666, 0.8315551291361226], [0.6960503261497447, 0.13900165556231525, 0.9835414998283253], [0.3302189424418114, 0.4202244145784587, 0.8611326657010762], [0.8641974980474602, 0.4510549266423939, 0.819715551737597], [0.03078623699347771, 0.17380543790435, 0.9272466336505697], [0.26275625765823807, 0.40767963087465553, 0.4885436686539698], [0.9433371745751326, 0.9480644210135813, 0.3975131609237582]]","[array([0., 0., 0., 0., 0., 0., 0., 0., 0.]), array([0., 0., 0., 0., 0., 0., 0., 0., 0.]), array([0., 0., 0., 0., 0., 0., 0., 0., 0.]), array([0., 0., 0., 0., 0., 0., 0., 0., 0.]), array([0., 1., 0., 0., 0., 0., 0., 0., 0.]), array([1., 0., 1., 0., 0., 0., 0., 0., 0.]), array([0., 0., 0., 0., 0., 0., 0., 0., 0.]), array([0., 0., 0., 0., 1., 0., 0., 0., 0.]), array([0., 0., 0., 0., 1., 0., 0., 0., 0.])]"
3,9,9,"[[0.14243302000541813, 0.27403907133501393, 0.22298229196810904], [0.17904419401189464, 0.8476571833041059, 0.31659246581151557], [0.6649630558623288, 0.4659134755392478, 0.768874251943921], [0.7682611888203609, 0.5885450252209684, 0.259988779531918], [0.36167775418297254, 0.4659479826063422, 0.06976476209424443], [0.2528078998934763, 0.19512673174555206, 0.20218878591230827], [0.2165960326935238, 0.22342765397232311, 0.7667312528911188], [0.451732012858287, 0.47441326551462204, 0.5270925002583958], [0.9171024774703407, 0.12732948503387598, 0.9990247766754413]]","[array([0., 0., 0., 0., 0., 0., 0., 0., 0.]), array([1., 0., 0., 0., 0., 0., 0., 0., 0.]), array([0., 0., 0., 0., 0., 0., 0., 0., 0.]), array([0., 0., 1., 0., 0., 0., 0., 0., 0.]), array([0., 0., 1., 0., 0., 0., 0., 0., 0.]), array([0., 0., 0., 0., 0., 0., 0., 0., 0.]), array([0., 0., 0., 1., 0., 0., 0., 0., 0.]), array([0., 0., 0., 1., 0., 0., 1., 0., 0.]), array([0., 0., 0., 0., 0., 0., 0., 0., 0.])]"
3,12,0,"[[0.34869707950630746, 0.5856653290784694, 0.9135492705149786], [0.9666838168311629, 0.3400392636579822, 0.15589862642373054], [0.6641407690727019, 0.8233173454490631, 0.7637785922947145], [0.28328683460935267, 0.4236353945280864, 0.8857875118221056], [0.8174099786636413, 0.6412930522362613, 0.7047802999667641], [0.21465169138634033, 0.9999057184976567, 0.6627841037888593], [0.4175405874927701, 0.7977967768606621, 0.032310015443528184], [0.31397412642469125, 0.8320410762289107, 0.6750221862695083], [0.9298007584862616, 0.46566428856961806, 0.5702619725250399], [0.28411028547479455, 0.9779085894456089, 0.6952750564652053], [0.9759362635929714, 0.7171779868764415, 0.7893307992320998], [0.7466287138921949, 0.1296709196578677, 0.095057564467951]]","[array([0., 0., 0., 0., 0., 0., 0., 0., 0., 0., 0., 0.]), array([0., 0., 0., 0., 0., 0., 0., 0., 0., 0., 0., 0.]), array([0., 0., 0., 0., 0., 0., 0., 0., 0., 0., 0., 0.]), array([0., 1., 1., 0., 0., 0., 0., 0., 0., 0., 0., 0.]), array([0., 0., 0., 0., 0., 0., 0., 0., 0., 0., 0., 0.]), array([0., 0., 0., 0., 0., 0., 0., 0., 0., 0., 0., 0.]), array([0., 1., 1., 1., 0., 0., 0., 0., 0., 0., 0., 0.]), array([0., 0., 0., 0., 1., 0., 0., 0., 0., 0., 0., 0.]), array([0., 0., 0., 1., 0., 0., 0., 0., 0., 0., 0., 0.]), array([0., 0., 0., 0., 0., 0., 0., 1., 0., 0., 0., 0.]), array([0., 0., 0., 0., 1., 0., 0., 1., 0., 0., 0., 0.]), array([0., 0., 0., 0., 0., 0., 0., 0., 0., 0., 1., 0.])]"
3,12,1,"[[0.2411828363592856, 0.42032770644480255, 0.975526774599803], [0.8489907567868714, 0.16255383322876793, 0.24181453495881744], [0.8041993884951447, 0.9407774390290106, 0.10181290419144662], [0.8445644732085071, 0.14653678811033932, 0.23770267162089764], [0.9927770810538517, 0.8175647260601956, 0.7013837258333697], [0.6896592484973733, 0.40446808636121323, 0.5061089119891378], [0.4486539675906448, 0.5321927934897, 0.01126622560695556], [0.1345639994553136, 0.5122461245713696, 0.8492355531174453], [0.7211032907018551, 0.5208976474763677, 0.8110753902292188], [0.6714801599232393, 0.33356545910849855, 0.8638879967598336], [0.949305976381756, 0.4927801061135616, 0.8941122072254395], [0.5852905933432756, 0.24453986493733237, 0.748323312448758]]","[array([0., 0., 0., 0., 0., 0., 0., 0., 0., 0., 0., 0.]), array([0., 0., 0., 0., 0., 0., 0., 0., 0., 0., 0., 0.]), array([1., 0., 0., 0., 0., 0., 0., 0., 0., 0., 0., 0.]), array([0., 1., 0., 0., 0., 0., 0., 0., 0., 0., 0., 0.]), array([0., 1., 0., 0., 0., 0., 0., 0., 0., 0., 0., 0.]), array([0., 0., 0., 0., 0., 0., 0., 0., 0., 0., 0., 0.]), array([0., 0., 0., 0., 0., 0., 0., 0., 0., 0., 0., 0.]), array([0., 0., 0., 0., 1., 0., 1., 0., 0., 0., 0., 0.]), array([0., 0., 0., 0., 0., 0., 0., 0., 0., 0., 0., 0.]), array([0., 0., 0., 1., 0., 0., 0., 0., 0., 0., 0., 0.]), array([0., 0., 0., 0., 0., 0., 0., 1., 0., 0., 0., 0.]), array([0., 0., 0., 0., 0., 0., 0., 0., 1., 0., 0., 0.])]"
3,12,2,"[[0.9069656921988641, 0.16820882075831745, 0.05797313334566401], [0.3037969047218604, 0.6096460603763638, 0.4620027574994302], [0.4672451361742176, 0.9964631444956433, 0.6190115305219339], [0.2690247673081446, 0.061382506343064414, 0.1153390555890198], [0.7853584193047468, 0.9401038866874996, 0.38914301630713555], [0.2877657978735625, 0.9269714604738429, 0.25222107262131566], [0.015762070266710726, 0.5966975215259893, 0.0142488893266709], [0.18102497751480207, 0.31925646844836475, 0.35400639664051203], [0.9008402187671314, 0.5706645046590184, 0.010715211525449408], [0.6093248371477797, 0.8731878368369617, 0.8617945800797117], [0.10762027280727926, 0.8773387965798232, 0.8041590851157119], [0.5106285148000587, 0.8361079030130195, 0.14648890549132154]]","[array([0., 0., 0., 0., 0., 0., 0., 0., 0., 0., 0., 0.]), array([0., 0., 0., 0., 0., 0., 0., 0., 0., 0., 0., 0.]), array([0., 1., 0., 0., 0., 0., 0., 0., 0., 0., 0., 0.]), array([0., 0., 0., 0., 0., 0., 0., 0., 0., 0., 0., 0.]), array([0., 0., 0., 0., 0., 0., 0., 0., 0., 0., 0., 0.]), array([0., 0., 0., 1., 0., 0., 0., 0., 0., 0., 0., 0.]), array([0., 0., 0., 0., 0., 0., 0., 0., 0., 0., 0., 0.]), array([0., 0., 0., 1., 0., 0., 0., 0., 0., 0., 0., 0.]), array([0., 1., 1., 0., 0., 1., 0., 1., 0., 0., 0., 0.]), array([0., 0., 0., 0., 0., 0., 0., 0., 0., 0., 0., 0.]), array([0., 0., 0., 0., 0., 0., 1., 0., 0., 1., 0., 0.]), array([0., 0., 0., 0., 0., 0., 1., 0., 0., 1., 0., 0.])]"
3,12,3,"[[0.6874152345496335, 0.31254164751741, 0.05956529115840392], [0.19986939967356854, 0.15087107088556606, 0.40072718168647015], [0.9717171191386228, 0.9206648856497399, 0.7786985507523171], [0.8139774610035125, 0.31444399888583385, 0.3004595771151095], [0.6464724668383225, 0.2806776010882398, 0.9929881732879723], [0.3980405135557217, 0.9167262704906035, 0.48183099242893057], [0.1481001101331264, 0.585230629100571, 0.6745307398487236], [0.7001373247150025, 0.8686795153770415, 0.7500115889653269], [0.0967962235843447, 0.0718397839520335, 0.9110695014607061], [0.15151784041787164, 0.16645224492654576, 0.4870413304273393], [0.25099458080065296, 0.30883596441892314, 0.38504146489167834], [0.9883962388460981, 0.8008115146202707, 0.18871005873322333]]","[array([0., 0., 0., 0., 0., 0., 0., 0., 0., 0., 0., 0.]), array([0., 0., 0., 0., 0., 0., 0., 0., 0., 0., 0., 0.]), array([0., 0., 0., 0., 0., 0., 0., 0., 0., 0., 0., 0.]), array([0., 0., 0., 0., 0., 0., 0., 0., 0., 0., 0., 0.]), array([0., 0., 0., 0., 0., 0., 0., 0., 0., 0., 0., 0.]), array([0., 0., 0., 0., 0., 0., 0., 0., 0., 0., 0., 0.]), array([0., 0., 0., 0., 0., 0., 0., 0., 0., 0., 0., 0.]), array([1., 0., 0., 1., 1., 0., 1., 0., 0., 0., 0., 0.]), array([0., 0., 0., 0., 0., 1., 0., 0., 0., 0., 0., 0.]), array([0., 1., 0., 0., 0., 0., 0., 1., 1., 0., 0., 0.]), array([0., 0., 1., 0., 1., 0., 0., 1., 0., 1., 0., 0.]), array([0., 0., 0., 0., 0., 0., 0., 0., 0., 0., 1., 0.])]"
3,12,4,"[[0.8490557282078603, 0.8720612747732628, 0.8905636218881127], [0.21165768294377763, 0.8718206837791488, 0.6676855859644403], [0.0052233952595143185, 0.12202732692149287, 0.10201788341586815], [0.716838820573768, 0.28810962883331337, 0.962564812864118], [0.023332392696513327, 0.45619989342353606, 0.13678456181967147], [0.6359776923934835, 0.9212098617476193, 0.3791163115069698], [0.005590862704781707, 0.23212388994737398, 0.31622505884109975], [0.7507091366264302, 0.6030538810753784, 0.944314378137498], [0.017920965359316865, 0.9658562163013937, 0.44544180370534114], [0.9887705612150778, 0.663082924595636, 0.7900767278758706], [0.9193950087430399, 0.3482346491305538, 0.6132988376376672], [0.48817962925950487, 0.4418524351115498, 0.9097981508812425]]","[array([0., 0., 0., 0., 0., 0., 0., 0., 0., 0., 0., 0.]), array([0., 0., 0., 0., 0., 0., 0., 0., 0., 0., 0., 0.]), array([0., 0., 0., 0., 0., 0., 0., 0., 0., 0., 0., 0.]), array([0., 1., 0., 0., 0., 0., 0., 0., 0., 0., 0., 0.]), array([0., 0., 1., 0., 0., 0., 0., 0., 0., 0., 0., 0.]), array([0., 0., 0., 0., 0., 0., 0., 0., 0., 0., 0., 0.]), array([1., 0., 0., 0., 1., 1., 0., 0., 0., 0., 0., 0.]), array([0., 0., 0., 0., 0., 0., 0., 0., 0., 0., 0., 0.]), array([0., 0., 0., 0., 0., 0., 0., 0., 0., 0., 0., 0.]), array([0., 1., 0., 0., 0., 0., 0., 0., 0., 0., 0., 0.]), array([0., 0., 0., 0., 0., 0., 0., 0., 0., 0., 0., 0.]), array([0., 0., 0., 0., 0., 0., 0., 0., 0., 0., 0., 0.])]"
3,12,5,"[[0.6175818521536816, 0.7311152516900412, 0.2408912993744161], [0.512610456261948, 0.5851604420403613, 0.40422598418575084], [0.9647663561062778, 0.259812247563065, 0.7525236693680118], [0.7014141670246764, 0.9898893891835604, 0.3429676486852147], [0.7147041893837226, 0.5446334579512633, 0.06632685741155808], [0.052547927031441066, 0.9688281439862273, 0.2167503533893511], [0.6599361363622788, 0.26077431003921403, 0.9578562696449949], [0.862909044522752, 0.46323164488874213, 0.6380840837589171], [0.15780842385581828, 0.5538732160385937, 0.8805375229688761], [0.6843839220536412, 0.3724835020644993, 0.939991835287521], [0.17029852437331716, 0.17456328422309808, 0.4035063113497801], [0.24528928768308067, 0.9180262697935323, 0.149920194744241]]","[array([0., 0., 0., 0., 0., 0., 0., 0., 0., 0., 0., 0.]), array([0., 0., 0., 0., 0., 0., 0., 0., 0., 0., 0., 0.]), array([0., 1., 0., 0., 0., 0., 0., 0., 0., 0., 0., 0.]), array([0., 0., 1., 0., 0., 0., 0., 0., 0., 0., 0., 0.]), array([0., 0., 0., 0., 0., 0., 0., 0., 0., 0., 0., 0.]), array([1., 0., 0., 0., 0., 0., 0., 0., 0., 0., 0., 0.]), array([0., 0., 0., 0., 0., 0., 0., 0., 0., 0., 0., 0.]), array([0., 0., 0., 1., 0., 0., 1., 0., 0., 0., 0., 0.]), array([0., 0., 0., 0., 0., 0., 1., 1., 0., 0., 0., 0.]), array([0., 0., 0., 0., 0., 1., 0., 0., 0., 0., 0., 0.]), array([0., 0., 0., 0., 0., 0., 0., 0., 0., 1., 0., 0.]), array([0., 0., 0., 0., 0., 1., 0., 0., 0., 0., 0., 0.])]"
3,12,6,"[[0.36132810653123826, 0.3863459954122427, 0.40813958992927823], [0.3539863607113314, 0.3030101493239682, 0.2300085668639975], [0.6556235738111358, 0.3673703698798725, 0.09013204634481042], [0.3466836200400041, 0.8344248604148505, 0.8493259294327103], [0.2901836035208477, 0.5560277178894388, 0.4722604115112654], [0.701190145739328, 0.09095803328396923, 0.6207846247312131], [0.476515560325947, 0.8835130944799494, 0.49900978309113364], [0.3215843472108195, 0.1529547066471788, 0.9319112639066334], [0.014093619273816249, 0.5787459177874403, 0.780263400635662], [0.08730009655015059, 0.634631697015841, 0.2557857246539895], [0.5198976128593095, 0.43475552323372757, 0.43457152807523813], [0.6382106607416775, 0.8426436652878889, 0.7951264833322166]]","[array([0., 0., 0., 0., 0., 0., 0., 0., 0., 0., 0., 0.]), array([0., 0., 0., 0., 0., 0., 0., 0., 0., 0., 0., 0.]), array([0., 1., 0., 0., 0., 0., 0., 0., 0., 0., 0., 0.]), array([0., 0., 0., 0., 0., 0., 0., 0., 0., 0., 0., 0.]), array([1., 0., 1., 0., 0., 0., 0., 0., 0., 0., 0., 0.]), array([0., 0., 0., 0., 1., 0., 0., 0., 0., 0., 0., 0.]), array([1., 0., 1., 0., 0., 0., 0., 0., 0., 0., 0., 0.]), array([0., 0., 0., 0., 1., 1., 0., 0., 0., 0., 0., 0.]), array([0., 0., 0., 0., 0., 0., 0., 0., 0., 0., 0., 0.]), array([0., 1., 0., 0., 0., 0., 0., 0., 0., 0., 0., 0.]), array([0., 0., 0., 0., 0., 0., 0., 0., 1., 0., 0., 0.]), array([0., 0., 0., 0., 0., 0., 0., 0., 0., 1., 1., 0.])]"
3,12,7,"[[0.905082409753112, 0.7281309524181317, 0.719649154906434], [0.08509130083157024, 0.6845015473409983, 0.7835418863811922], [0.9290068208548887, 0.579839424487779, 0.7304166480999689], [0.25783552338893456, 0.8672428722684863, 0.3976234573287595], [0.30673479350953137, 0.46500983920557926, 0.7662177957976123], [0.6835017947547309, 0.5740571661544528, 0.9183643939995255], [0.42142693807170917, 0.4470826632054973, 0.5496902627495598], [0.5982478403366682, 0.9596839108580095, 0.5340084613403386], [0.7806459014219611, 0.651588681466063, 0.5390472184963551], [0.4246785474411262, 0.2975087168647197, 0.7631876813309424], [0.32986146530724725, 0.7227422446153338, 0.9220408819938658], [0.19630103843902913, 0.7133017264827953, 0.24980180620663495]]","[array([0., 0., 0., 0., 0., 0., 0., 0., 0., 0., 0., 0.]), array([0., 0., 0., 0., 0., 0., 0., 0., 0., 0., 0., 0.]), array([0., 0., 0., 0., 0., 0., 0., 0., 0., 0., 0., 0.]), array([0., 1., 0., 0., 0., 0., 0., 0., 0., 0., 0., 0.]), array([0., 0., 0., 1., 0., 0., 0., 0., 0., 0., 0., 0.]), array([0., 0., 0., 0., 0., 0., 0., 0., 0., 0., 0., 0.]), array([0., 0., 1., 0., 0., 1., 0., 0., 0., 0., 0., 0.]), array([0., 0., 1., 0., 0., 1., 0., 0., 0., 0., 0., 0.]), array([0., 1., 0., 0., 0., 0., 0., 0., 0., 0., 0., 0.]), array([1., 0., 0., 0., 0., 0., 0., 0., 0., 0., 0., 0.]), array([0., 0., 0., 0., 0., 0., 1., 0., 1., 1., 0., 0.]), array([0., 0., 0., 0., 1., 0., 0., 1., 1., 0., 1., 0.])]"
3,12,8,"[[0.6269761626540913, 0.4025871110126462, 0.36514797393183285], [0.19854118753734928, 0.8344076886225572, 0.7350079894518682], [0.16226132377363844, 0.9923005923247287, 0.4491847769566625], [0.33484492799007015, 0.15639125898414874, 0.521114664592449], [0.5625792526230796, 0.4522064745257367, 0.4707043713494623], [0.6963331421499793, 0.5210933836427721, 0.889327358619445], [0.28735856067826837, 0.6782970950985363, 0.4795027094376595], [0.17229532076045095, 0.48169509021081525, 0.8118268385018587], [0.4182917000746812, 0.474745479667505, 0.993399365614926], [0.324273666091038, 0.3533223593415802, 0.4508177309902687], [0.5129379589479499, 0.6783971336489518, 0.9722626520685396], [0.9794659320051433, 0.8472476340491194, 0.19960908027890523]]","[array([0., 0., 0., 0., 0., 0., 0., 0., 0., 0., 0., 0.]), array([0., 0., 0., 0., 0., 0., 0., 0., 0., 0., 0., 0.]), array([0., 0., 0., 0., 0., 0., 0., 0., 0., 0., 0., 0.]), array([0., 0., 0., 0., 0., 0., 0., 0., 0., 0., 0., 0.]), array([0., 0., 0., 1., 0., 0., 0., 0., 0., 0., 0., 0.]), array([0., 0., 1., 0., 0., 0., 0., 0., 0., 0., 0., 0.]), array([0., 0., 0., 0., 0., 0., 0., 0., 0., 0., 0., 0.]), array([0., 0., 0., 0., 1., 1., 1., 0., 0., 0., 0., 0.]), array([0., 0., 0., 0., 0., 0., 0., 0., 0., 0., 0., 0.]), array([1., 0., 0., 0., 0., 0., 0., 0., 0., 0., 0., 0.]), array([0., 0., 0., 0., 0., 0., 0., 0., 0., 0., 0., 0.]), array([0., 1., 0., 0., 0., 0., 0., 1., 0., 0., 0., 0.])]"
3,12,9,"[[0.1341341795011769, 0.19630068105912202, 0.138615983094738], [0.10494973010319342, 0.32408528840312334, 0.9041623134620078], [0.44402653398522607, 0.3896331313574962, 0.9334441139055771], [0.6393825231029873, 0.8430015606337197, 0.32446019668661596], [0.138795404763023, 0.7578250591597018, 0.4301074446802773], [0.5913787652436884, 0.6305088321278572, 0.5428210151295974], [0.5604199151215484, 0.43375916376658774, 0.8233995674589947], [0.7226936501931285, 0.6952597622555177, 0.6394598301166885], [0.8995672462500877, 0.6218388847103142, 0.8802418593374588], [0.8259361215928313, 0.9655889660217223, 0.6650652876397123], [0.18378033453915843, 0.2106321404463345, 0.7289664966538592], [0.3372247671891667, 0.028949961923338874, 0.9446942677969555]]","[array([0., 0., 0., 0., 0., 0., 0., 0., 0., 0., 0., 0.]), array([1., 0., 0., 0., 0., 0., 0., 0., 0., 0., 0., 0.]), array([0., 1., 0., 0., 0., 0., 0., 0., 0., 0., 0., 0.]), array([1., 0., 0., 0., 0., 0., 0., 0., 0., 0., 0., 0.]), array([0., 0., 0., 0., 0., 0., 0., 0., 0., 0., 0., 0.]), array([0., 1., 0., 0., 0., 0., 0., 0., 0., 0., 0., 0.]), array([0., 1., 0., 0., 0., 0., 0., 0., 0., 0., 0., 0.]), array([0., 0., 0., 0., 1., 0., 0., 0., 0., 0., 0., 0.]), array([0., 0., 0., 0., 1., 0., 0., 0., 0., 0., 0., 0.]), array([0., 0., 0., 0., 0., 1., 0., 1., 0., 0., 0., 0.]), array([0., 0., 1., 0., 0., 0., 0., 0., 0., 0., 0., 0.]), array([0., 0., 0., 0., 0., 1., 0., 0., 0., 1., 0., 0.])]"
4,6,0,"[[0.7371302063810855, 0.36904390247845487, 0.4048536283250943, 0.3850318422501866], [0.6738373323474287, 0.43563370096851095, 0.9842676376364907, 0.2261262623069349], [0.6472533773812716, 0.548997549908187, 0.6182128466653773, 0.8363992269675145], [0.04535495443573567, 0.25275380083565857, 0.17772367098214237, 0.8028709204747226], [0.048274535171769606, 0.5528193434930105, 0.5344054106420227, 0.3672591331555919], [0.3640315568794342, 0.17384041425900454, 0.25587039936657874, 0.055543287064624525]]","[array([0., 0., 0., 0., 0., 0.]), array([1., 0., 0., 0., 0., 0.]), array([0., 0., 0., 0., 0., 0.]), array([1., 1., 0., 0., 0., 0.]), array([0., 0., 0., 0., 0., 0.]), array([0., 0., 1., 1., 0., 0.])]"
4,6,1,"[[0.42892652860483393, 0.30323011330040583, 0.03186216331528813, 0.8371655874587585], [0.6856165417696634, 0.6323832267194781, 0.9600533554913354, 0.6092298581385897], [0.4962864454118323, 0.4072915424807677, 0.79143965253813, 0.8216313239686789], [0.23003631999985563, 0.7141712701960238, 0.4873198962234082, 0.9238585091774223], [0.6707812151831453, 0.21275898261150683, 0.8342752937663475, 0.4290476885361627], [0.05510630965962915, 0.6900837396744343, 0.6046583090752741, 0.6295591694594559]]","[array([0., 0., 0., 0., 0., 0.]), array([0., 0., 0., 0., 0., 0.]), array([0., 0., 0., 0., 0., 0.]), array([1., 0., 0., 0., 0., 0.]), array([0., 1., 1., 0., 0., 0.]), array([0., 0., 0., 0., 0., 0.])]"
4,6,2,"[[0.32142467628616933, 0.07169428931650235, 0.4692075904445794, 0.2756050469139386], [0.9120559345586682, 0.0578484876798383, 0.07292092219751556, 0.10208797740142728], [0.45042876188931713, 0.6364464081732325, 0.1438012955403719, 0.9900622362141763], [0.47731302940186926, 0.06215998282637125, 0.6994738305552849, 0.6930153501863342], [0.9922052710513363, 0.69982643288119, 0.01393120234924039, 0.7570327312351608], [0.831140343463411, 0.5132100028332607, 0.8733273943857401, 0.4275906830052042]]","[array([0., 0., 0., 0., 0., 0.]), array([0., 0., 0., 0., 0., 0.]), array([0., 0., 0., 0., 0., 0.]), array([0., 0., 0., 0., 0., 0.]), array([1., 0., 0., 0., 0., 0.]), array([0., 0., 1., 1., 0., 0.])]"
4,6,3,"[[0.25485968858686947, 0.8609795294219572, 0.20931106276675437, 0.3411431932406358], [0.5817751891531686, 0.3969636751459089, 0.9980627789732981, 0.7830372307233305], [0.047366871996191384, 0.20365415694195166, 0.19748448173464106, 0.44056712083426286], [0.7392131179189221, 0.39406564433004587, 0.7357956462471211, 0.1438868656709109], [0.0005807918624245456, 0.29558567881110176, 0.024102338197993012, 0.7494743307398213], [0.6375272369739657, 0.8966272462810283, 0.9945016482105369, 0.13945067295836122]]","[array([0., 0., 0., 0., 0., 0.]), array([0., 0., 0., 0., 0., 0.]), array([0., 1., 0., 0., 0., 0.]), array([0., 0., 0., 0., 0., 0.]), array([0., 0., 0., 0., 0., 0.]), array([0., 0., 1., 0., 0., 0.])]"
4,6,4,"[[0.6597636997527926, 0.31128602928633564, 0.9803846110699356, 0.08568282832052432], [0.31562168292153847, 0.09487538153748976, 0.9869809638681725, 0.5536232100825967], [0.2644998362970671, 0.7012662811174573, 0.4988639905056419, 0.2358631933246217], [0.19585590718299495, 0.555441418600491, 0.027056811911297274, 0.88411365196531], [0.008047050503101616, 0.09417345844461877, 0.8962132667396924, 0.13069993834510496], [0.32910034637491115, 0.2726513451059881, 0.8073346253377188, 0.17415830651486475]]","[array([0., 0., 0., 0., 0., 0.]), array([0., 0., 0., 0., 0., 0.]), array([0., 1., 0., 0., 0., 0.]), array([0., 1., 0., 0., 0., 0.]), array([0., 0., 0., 0., 0., 0.]), array([0., 0., 0., 1., 0., 0.])]"
4,6,5,"[[0.14781424166753176, 0.17024211546295487, 0.019645179141980385, 0.6204273941864665], [0.9680996944553998, 0.8364646467308545, 0.2575707467269096, 0.9045083680468312], [0.8715971116643892, 0.24184907077434614, 0.08962168465022413, 0.4649845464833883], [0.8368909631515888, 0.7112751438218228, 0.3854340910615661, 0.31932013396765113], [0.7706051610658828, 0.512493524159162, 0.43686420899687894, 0.65169313796404], [0.34586054687994816, 0.7617898267135739, 0.20846276658985785, 0.7850857344120313]]","[array([0., 0., 0., 0., 0., 0.]), array([0., 0., 0., 0., 0., 0.]), array([0., 1., 0., 0., 0., 0.]), array([1., 0., 1., 0., 0., 0.]), array([0., 0., 0., 0., 0., 0.]), array([0., 0., 0., 0., 0., 0.])]"
4,6,6,"[[0.37664747237103857, 0.09135529279149635, 0.40333503834109086, 0.7694230451555236], [0.4064287567931264, 0.7399288095698205, 0.7892120247372156, 0.031275486205144976], [0.7984048627268858, 0.28140760036722956, 0.8532997036210578, 0.17554485155076593], [0.5053791229561654, 0.5353781494871768, 0.5464281627265387, 0.8871541831878785], [0.9282827864966858, 0.9353492918265576, 0.822554781819144, 0.3926846170749324], [0.15165372679003186, 0.12569517391543228, 0.7637177285341182, 0.30794191420739325]]","[array([0., 0., 0., 0., 0., 0.]), array([0., 0., 0., 0., 0., 0.]), array([0., 0., 0., 0., 0., 0.]), array([1., 0., 1., 0., 0., 0.]), array([0., 0., 0., 0., 0., 0.]), array([0., 0., 0., 0., 0., 0.])]"
4,6,7,"[[0.5657434252992877, 0.9401181978625266, 0.8076302035227434, 0.5718170521696088], [0.9241159230690269, 0.17479988528660417, 0.5007457445831814, 0.4089776210235532], [0.4269021415872115, 0.05068887535483613, 0.8943127608996323, 0.3365455816478069], [0.7464711307446305, 0.38398918387367886, 0.1584103208486849, 0.14407566592288545], [0.20463665843652656, 0.9598358422129359, 0.36383834108197133, 0.35332467194048645], [0.9349425393942291, 0.39201967155904427, 0.005720362959613423, 0.9715668536430049]]","[array([0., 0., 0., 0., 0., 0.]), array([0., 0., 0., 0., 0., 0.]), array([1., 0., 0., 0., 0., 0.]), array([0., 0., 1., 0., 0., 0.]), array([1., 0., 0., 0., 0., 0.]), array([0., 0., 0., 0., 0., 0.])]"
4,6,8,"[[0.6000301359751506, 0.2708857907963643, 0.41730759357838176, 0.33070939274908573], [0.2885363462667794, 0.6843720039173005, 0.8461474922694213, 0.6081463354325579], [0.4988250531337508, 0.4891971248317103, 0.5031482902776537, 0.6823835660209233], [0.753966625631637, 0.09677459780827435, 0.711713194485583, 0.8591671982220971], [0.17613735762022242, 0.8766783215021735, 0.9493477817111252, 0.9727998617905583], [0.026041127625932137, 0.16071964295086116, 0.38215376268423973, 0.051725138113357105]]","[array([0., 0., 0., 0., 0., 0.]), array([0., 0., 0., 0., 0., 0.]), array([0., 0., 0., 0., 0., 0.]), array([0., 1., 0., 0., 0., 0.]), array([0., 1., 0., 1., 0., 0.]), array([0., 0., 0., 0., 0., 0.])]"
4,6,9,"[[0.8997644288495276, 0.48050811861831577, 0.4490177189855107, 0.6181704274625303], [0.04975204040675607, 0.37251846556945156, 0.7123803570767274, 0.6274516315710471], [0.6238927593100396, 0.02716820466966796, 0.9849834963312926, 0.820878535437627], [0.6607250913641877, 0.8169703345857228, 0.9596311251822507, 0.22510909209384267], [0.7559485755030191, 0.32796665616756004, 0.6219845936829964, 0.8099483926473204], [0.5321024262736643, 0.692786957527139, 0.31575266425196213, 0.7099194973315357]]","[array([0., 0., 0., 0., 0., 0.]), array([0., 0., 0., 0., 0., 0.]), array([0., 1., 0., 0., 0., 0.]), array([0., 1., 0., 0., 0., 0.]), array([0., 0., 0., 0., 0., 0.]), array([0., 1., 0., 0., 0., 0.])]"
4,9,0,"[[0.41811587249193816, 0.7502133443279895, 0.7961923759733072, 0.4654440098240993], [0.2783905598415528, 0.7343163764026253, 0.39308913010950264, 0.056665051706391134], [0.43201157550830627, 0.23320197589460212, 0.16704458921403054, 0.6244763809539695], [0.3701135312336913, 0.7796988966878516, 0.7494285889546709, 0.6533549950891301], [0.385372629732903, 0.2595653514799491, 0.45761436079383977, 0.3040613603282405], [0.20337608157799714, 0.9890972538351741, 0.2604776116865768, 0.6531557938828121], [0.4134102435008259, 0.7008366424571398, 0.16908692794439395, 0.993192073768148], [0.3831875866276564, 0.009450343872505873, 0.5702605584522428, 0.4367786139590626], [0.21776569862993111, 0.12186533615814366, 0.9725810837896788, 0.2202673133769507]]","[array([0., 0., 0., 0., 0., 0., 0., 0., 0.]), array([0., 0., 0., 0., 0., 0., 0., 0., 0.]), array([0., 0., 0., 0., 0., 0., 0., 0., 0.]), array([0., 1., 0., 0., 0., 0., 0., 0., 0.]), array([1., 1., 0., 1., 0., 0., 0., 0., 0.]), array([0., 0., 0., 0., 0., 0., 0., 0., 0.]), array([0., 0., 0., 0., 0., 0., 0., 0., 0.]), array([0., 0., 0., 0., 0., 0., 0., 0., 0.]), array([0., 0., 0., 0., 0., 0., 1., 1., 0.])]"
4,9,1,"[[0.5137132483945143, 0.2656847916882217, 0.65845044093843, 0.692663109407083], [0.5125005279789985, 0.2623707744809375, 0.09342231146899294, 0.9367060514893797], [0.3996686135250118, 0.4412250805632987, 0.9383177787346387, 0.8045602160353639], [0.9947231290550743, 0.2923246232088441, 0.3085990489082322, 0.026232964589507524], [0.84406607401538, 0.7833035713875547, 0.6810551085894804, 0.3630022203253308], [0.6125824827130593, 0.12018393682316186, 0.9033159984567327, 0.6339145474213786], [0.08019562062268415, 0.15073322733829286, 0.25288374930423285, 0.819731295259715], [0.9192948952465095, 0.8826914942574275, 0.866233059923082, 0.1656239367039739], [0.3200754259199583, 0.5864156890969081, 0.3298096303633389, 0.6827703629491741]]","[array([0., 0., 0., 0., 0., 0., 0., 0., 0.]), array([0., 0., 0., 0., 0., 0., 0., 0., 0.]), array([0., 1., 0., 0., 0., 0., 0., 0., 0.]), array([1., 0., 0., 0., 0., 0., 0., 0., 0.]), array([0., 0., 0., 0., 0., 0., 0., 0., 0.]), array([0., 0., 0., 0., 0., 0., 0., 0., 0.]), array([1., 0., 0., 0., 0., 0., 0., 0., 0.]), array([0., 1., 1., 0., 0., 0., 0., 0., 0.]), array([0., 0., 0., 1., 0., 0., 0., 0., 0.])]"
4,9,2,"[[0.16230165938886965, 0.06778287206752764, 0.1241301608285943, 0.5224262355118773], [0.48564538373197597, 0.5544752204436039, 0.9169601996994441, 0.2538642178615541], [0.8161722380644374, 0.1400330813448517, 0.7936300726292745, 0.8654137459178041], [0.9033918448336441, 0.6396405374680108, 0.22127003555676727, 0.9308634151094832], [0.6471153291158949, 0.029015333048390213, 0.04036477129388616, 0.1041372246349821], [0.7926544259299084, 0.0030052250679254433, 0.30026675826833304, 0.6203779547398275], [0.859536822824546, 0.9474381898092253, 0.3892464947013867, 0.9027162669777107], [0.48961451192648, 0.36542566995933956, 0.7181998606139551, 0.6629357044644033], [0.40715954630609485, 0.9440679562575022, 0.40925546547287517, 0.560581013857701]]","[array([0., 0., 0., 0., 0., 0., 0., 0., 0.]), array([1., 0., 0., 0., 0., 0., 0., 0., 0.]), array([1., 0., 0., 0., 0., 0., 0., 0., 0.]), array([0., 1., 0., 0., 0., 0., 0., 0., 0.]), array([0., 0., 0., 0., 0., 0., 0., 0., 0.]), array([0., 0., 0., 0., 0., 0., 0., 0., 0.]), array([1., 0., 0., 0., 0., 0., 0., 0., 0.]), array([0., 1., 0., 1., 0., 1., 1., 0., 0.]), array([0., 0., 0., 0., 0., 0., 0., 0., 0.])]"
4,9,3,"[[0.39348393338638654, 0.8532735579875473, 0.3085709276815243, 0.34653684293797904], [0.16336263402094775, 0.009224486842832058, 0.5655509512000799, 0.09251769249703845], [0.8213132923094244, 0.5461558685841922, 0.25021117413872285, 0.00907997585925202], [0.0702248579888961, 0.3634314080234695, 0.3091750453725305, 0.1279060035958164], [0.45305509099938523, 0.5440182205965179, 0.9014888749879219, 0.24868197863867714], [0.7960958793753494, 0.15472452871247855, 0.49692528299522265, 0.6036147568005964], [0.7093131366766251, 0.7344497282090767, 0.14420796514656953, 0.9307499078387687], [0.3678471075180174, 0.758941041226639, 0.8931006036001633, 0.7519006289338966], [0.41146108139711524, 0.3139284087633031, 0.7435513693624919, 0.16223969042482833]]","[array([0., 0., 0., 0., 0., 0., 0., 0., 0.]), array([0., 0., 0., 0., 0., 0., 0., 0., 0.]), array([1., 0., 0., 0., 0., 0., 0., 0., 0.]), array([0., 0., 0., 0., 0., 0., 0., 0., 0.]), array([0., 0., 0., 1., 0., 0., 0., 0., 0.]), array([0., 1., 0., 0., 0., 0., 0., 0., 0.]), array([0., 0., 0., 0., 0., 0., 0., 0., 0.]), array([0., 0., 0., 0., 0., 1., 0., 0., 0.]), array([0., 0., 0., 0., 0., 0., 0., 0., 0.])]"
4,9,4,"[[0.7271479121184934, 0.7023515582515688, 0.39962554690335905, 0.6582890816832032], [0.33215326378784815, 0.6648002466696286, 0.2408399872984145, 0.2043417091093831], [0.15400695871569992, 0.976619168343284, 0.382586827735642, 0.46977143002798705], [0.7715279329593607, 0.3370364558564668, 0.27648477096871427, 0.9423418310169267], [0.564842459190891, 0.8317066797615549, 0.3308877487932095, 0.5445651591899959], [0.30626012320332907, 0.905932316879595, 0.6791594417119015, 0.7365298785494682], [0.14911893683300015, 0.5124068328100311, 0.596680911765564, 0.4118328706439598], [0.48016812014769317, 0.7235897829169832, 0.7528165739719928, 0.4000728322557001], [0.913835639391748, 0.9589087781174552, 0.2741625334989347, 0.9176149411696384]]","[array([0., 0., 0., 0., 0., 0., 0., 0., 0.]), array([0., 0., 0., 0., 0., 0., 0., 0., 0.]), array([0., 0., 0., 0., 0., 0., 0., 0., 0.]), array([0., 0., 0., 0., 0., 0., 0., 0., 0.]), array([1., 0., 0., 0., 0., 0., 0., 0., 0.]), array([0., 1., 0., 0., 0., 0., 0., 0., 0.]), array([0., 0., 0., 0., 0., 0., 0., 0., 0.]), array([0., 0., 0., 0., 1., 0., 0., 0., 0.]), array([0., 0., 0., 1., 0., 1., 0., 0., 0.])]"
4,9,5,"[[0.48785845312854936, 0.8179612199748493, 0.468199062007977, 0.9718099503697059], [0.0036718383732322613, 0.8917152315915766, 0.1884137661663875, 0.729788681014316], [0.8923084006244123, 0.07676793182338071, 0.46419518142442995, 0.46866204492620833], [0.10022860839818948, 0.40796334427447734, 0.956913584607269, 0.8466341132580638], [0.6302252943404092, 0.5643868084530835, 0.3484938187745541, 0.5518306537426149], [0.9320486413924194, 0.4876816990619347, 0.25417170950290924, 0.4957837742862805], [0.010625541150046991, 0.6190391579946403, 0.654193873750602, 0.38584188325782875], [0.6449778772064284, 0.19339660295682748, 0.0703808841065855, 0.5115710923995928], [0.0931776295588389, 0.44375984394142887, 0.8182202380263188, 0.697148915352951]]","[array([0., 0., 0., 0., 0., 0., 0., 0., 0.]), array([1., 0., 0., 0., 0., 0., 0., 0., 0.]), array([0., 0., 0., 0., 0., 0., 0., 0., 0.]), array([1., 0., 0., 0., 0., 0., 0., 0., 0.]), array([0., 1., 1., 0., 0., 0., 0., 0., 0.]), array([0., 0., 0., 0., 0., 0., 0., 0., 0.]), array([0., 0., 0., 0., 0., 0., 0., 0., 0.]), array([1., 0., 0., 0., 0., 0., 0., 0., 0.]), array([0., 0., 0., 0., 0., 0., 0., 0., 0.])]"
4,9,6,"[[0.7598901027402858, 0.7770782552556711, 0.48643099688119584, 0.6752021086380758], [0.6770732392464097, 0.04725743127937543, 0.47514139797371246, 0.5516156970507003], [0.6880816117422797, 0.805483694567961, 0.08159859737839092, 0.5598662585718348], [0.4356891455482763, 0.13260779204406137, 0.3229006044997329, 0.45890717438665374], [0.7719681767157911, 0.9906899722795517, 0.844580123931048, 0.6017852129673146], [0.6077130730338798, 0.2804541783283028, 0.40878803107972306, 0.3703598767584225], [0.023126505052297186, 0.402147462526529, 0.1205541351817987, 0.4372808328286024], [0.8014971803182117, 0.2535421615103304, 0.606573730443234, 0.7787607414540938], [0.39626098913524344, 0.6889350998631988, 0.8001296930693758, 0.7708200204470843]]","[array([0., 0., 0., 0., 0., 0., 0., 0., 0.]), array([0., 0., 0., 0., 0., 0., 0., 0., 0.]), array([0., 0., 0., 0., 0., 0., 0., 0., 0.]), array([0., 1., 0., 0., 0., 0., 0., 0., 0.]), array([1., 0., 0., 0., 0., 0., 0., 0., 0.]), array([0., 0., 0., 0., 1., 0., 0., 0., 0.]), array([0., 0., 0., 0., 0., 1., 0., 0., 0.]), array([0., 0., 1., 0., 0., 0., 0., 0., 0.]), array([0., 0., 0., 0., 0., 1., 0., 0., 0.])]"
4,9,7,"[[0.6683308428870484, 0.056315820735683086, 0.7204032395402192, 0.19877204136416005], [0.9201205170539504, 0.7336065427940132, 0.06940175043719432, 0.9911855970222558], [0.585525783013989, 0.24870420011912664, 0.8827847099067907, 0.9952657247978779], [0.016319118075245442, 0.6459530104916915, 0.6142444299013686, 0.505667490258243], [0.5370217160748051, 0.6842605348876867, 0.9840145238351792, 0.8219295783256341], [0.6981690497781786, 0.544928272458982, 0.9008600561522352, 0.9538622260867528], [0.6862168328173861, 0.9826379484371163, 0.3335362366962902, 0.928192108074074], [0.7644679485410225, 0.13889745517909768, 0.15394767804870102, 0.6489908522501536], [0.46492193841334384, 0.628052251955265, 0.6635839936260719, 0.3433294628763168]]","[array([0., 0., 0., 0., 0., 0., 0., 0., 0.]), array([0., 0., 0., 0., 0., 0., 0., 0., 0.]), array([0., 1., 0., 0., 0., 0., 0., 0., 0.]), array([1., 0., 0., 0., 0., 0., 0., 0., 0.]), array([0., 0., 0., 0., 0., 0., 0., 0., 0.]), array([0., 0., 1., 0., 1., 0., 0., 0., 0.]), array([1., 0., 0., 0., 0., 0., 0., 0., 0.]), array([0., 0., 0., 0., 0., 0., 1., 0., 0.]), array([0., 0., 0., 0., 0., 0., 1., 0., 0.])]"
4,9,8,"[[0.6151671971586168, 0.16969394623580003, 0.29860289943415264, 0.35252749249335247], [0.06294129104850987, 0.7772834798991833, 0.5891892228207848, 0.6858280198079891], [0.1660718232677041, 0.6911824655820491, 0.9921290630645208, 0.861714057600627], [0.7253474904561195, 0.43716137486517914, 0.6183123411712803, 0.9139838421410831], [0.39889274396015195, 0.25714485532314635, 0.5556073440542396, 0.07140524262241366], [0.7843707823412533, 0.426716310794922, 0.028435838238804134, 0.2059634953354228], [0.8019669492475002, 0.27126498152975687, 0.7850838609964782, 0.6678405902106727], [0.6905995104731412, 0.8629801051155713, 0.6175680585663833, 0.3963165759379572], [0.1051358929290882, 0.0950255186391239, 0.7298416876830597, 0.8151567583799605]]","[array([0., 0., 0., 0., 0., 0., 0., 0., 0.]), array([0., 0., 0., 0., 0., 0., 0., 0., 0.]), array([0., 0., 0., 0., 0., 0., 0., 0., 0.]), array([0., 0., 0., 0., 0., 0., 0., 0., 0.]), array([0., 0., 0., 0., 0., 0., 0., 0., 0.]), array([0., 1., 0., 0., 0., 0., 0., 0., 0.]), array([0., 0., 0., 0., 0., 0., 0., 0., 0.]), array([0., 0., 0., 1., 0., 0., 0., 0., 0.]), array([0., 0., 0., 0., 1., 0., 0., 0., 0.])]"
4,9,9,"[[0.686213592888242, 0.36250862397694006, 0.5352325881990847, 0.1484391488239114], [0.7934939533988848, 0.7687305198808536, 0.820290271547005, 0.4974233829085043], [0.380023601578951, 0.9774567277259264, 0.5712153253463809, 0.7557814057448182], [0.028950327507257345, 0.6533837427906376, 0.28321176634446477, 0.1331586978804593], [0.9505957083044094, 0.6251615921000504, 0.6209373152390633, 0.02190560386641549], [0.22826983361416642, 0.7974860117608318, 0.5605687376093663, 0.26382205497748756], [0.6067163022032358, 0.07363382657639461, 0.6264916966663939, 0.9255466761755979], [0.8054569014503086, 0.27298525004066465, 0.9216948273076505, 0.271193585397111], [0.36249026774064397, 0.6019464109173216, 0.07649303782426342, 0.15109261529702867]]","[array([0., 0., 0., 0., 0., 0., 0., 0., 0.]), array([0., 0., 0., 0., 0., 0., 0., 0., 0.]), array([1., 0., 0., 0., 0., 0., 0., 0., 0.]), array([0., 0., 0., 0., 0., 0., 0., 0., 0.]), array([0., 0., 0., 0., 0., 0., 0., 0., 0.]), array([0., 0., 0., 0., 0., 0., 0., 0., 0.]), array([0., 0., 0., 0., 0., 1., 0., 0., 0.]), array([0., 0., 0., 0., 0., 1., 0., 0., 0.]), array([0., 0., 0., 1., 0., 0., 0., 1., 0.])]"
4,12,0,"[[0.2207466777031879, 0.22154269154684803, 0.3624264937150463, 0.4092254065356198], [0.1880497239370389, 0.8359611069734589, 0.4687129813817962, 0.8174345310955765], [0.9418177605280191, 0.6982380943976779, 0.9038810824364841, 0.4194870219819061], [0.8588351656399311, 0.8286367290352268, 0.5331478432225212, 0.5299331186856082], [0.7220470297459561, 0.4784337290807731, 0.8877762051723828, 0.49065863984987035], [0.5649662256925202, 0.35518352666852315, 0.9526832051041293, 0.8602678249804505], [0.3400290772056245, 0.21380845227057554, 0.7890313823338315, 0.7591113981826905], [0.22944465965204686, 0.22919297752120338, 0.051169369704883505, 0.33466636462267685], [0.8740878966737945, 0.9674072374532295, 0.6980410598033189, 0.8656981528855097], [0.9512673487542391, 0.9575377819095491, 0.15444121892323615, 0.4699527704513118], [0.543778008396812, 0.5118384907660991, 0.9757973195499329, 0.7601931136307416], [0.43941047368229114, 0.934801684258779, 0.6452814058449621, 0.6456518800829137]]","[array([0., 0., 0., 0., 0., 0., 0., 0., 0., 0., 0., 0.]), array([1., 0., 0., 0., 0., 0., 0., 0., 0., 0., 0., 0.]), array([0., 0., 0., 0., 0., 0., 0., 0., 0., 0., 0., 0.]), array([0., 0., 0., 0., 0., 0., 0., 0., 0., 0., 0., 0.]), array([0., 0., 0., 0., 0., 0., 0., 0., 0., 0., 0., 0.]), array([0., 0., 0., 0., 0., 0., 0., 0., 0., 0., 0., 0.]), array([0., 0., 0., 0., 1., 0., 0., 0., 0., 0., 0., 0.]), array([0., 0., 0., 0., 0., 0., 1., 0., 0., 0., 0., 0.]), array([1., 1., 0., 0., 0., 0., 0., 0., 0., 0., 0., 0.]), array([0., 0., 0., 0., 0., 1., 0., 0., 0., 0., 0., 0.]), array([0., 0., 0., 0., 0., 0., 0., 0., 0., 0., 0., 0.]), array([0., 0., 0., 0., 0., 0., 0., 0., 0., 0., 0., 0.])]"
4,12,1,"[[0.5488488306127532, 0.7044899432051702, 0.4219127979139, 0.30151884042626986], [0.5921315428101084, 0.7133902053033065, 0.8170321625293292, 0.48085972712010805], [0.14235484536942922, 0.12475271551875888, 0.5257907608761981, 0.05701341726332465], [0.5194802569951538, 0.29211061594606336, 0.26123325174158873, 0.6487265764316812], [0.12214796837312292, 0.27021174517137636, 0.6825084158271135, 0.7286596837012058], [0.79290332681572, 0.9844380327994875, 0.8520651977999113, 0.6020322496395192], [0.1514936607193238, 0.8882588452007247, 0.6156995219300949, 0.8512865195356748], [0.30592750858572915, 0.5962531197311481, 0.38728974751243384, 0.15074623341626447], [0.8121593418373175, 0.39057451196085635, 0.4549145458891497, 0.9290731162892524], [0.20509818026655757, 0.7061296892730868, 0.38089763170437674, 0.06169682541912469], [0.7530177761857247, 0.10783694952134648, 0.8381109230323877, 0.03249693511750085], [0.42157204070488896, 0.3407842902988314, 0.9091325844420646, 0.45618456879823266]]","[array([0., 0., 0., 0., 0., 0., 0., 0., 0., 0., 0., 0.]), array([1., 0., 0., 0., 0., 0., 0., 0., 0., 0., 0., 0.]), array([0., 0., 0., 0., 0., 0., 0., 0., 0., 0., 0., 0.]), array([0., 1., 0., 0., 0., 0., 0., 0., 0., 0., 0., 0.]), array([0., 1., 0., 1., 0., 0., 0., 0., 0., 0., 0., 0.]), array([0., 0., 0., 0., 0., 0., 0., 0., 0., 0., 0., 0.]), array([0., 0., 0., 0., 1., 0., 0., 0., 0., 0., 0., 0.]), array([1., 0., 0., 0., 0., 0., 0., 0., 0., 0., 0., 0.]), array([0., 0., 0., 0., 0., 0., 0., 1., 0., 0., 0., 0.]), array([0., 0., 1., 0., 0., 0., 1., 0., 0., 0., 0., 0.]), array([0., 0., 0., 0., 0., 1., 0., 0., 0., 0., 0., 0.]), array([0., 0., 0., 0., 0., 0., 0., 0., 1., 0., 0., 0.])]"
4,12,2,"[[0.47239319909458966, 0.1916113982914217, 0.2722372627571371, 0.028719604942927357], [0.6226757841232025, 0.7799745019286104, 0.4490397838385912, 0.589652497822768], [0.1233368778445536, 0.6523369308973074, 0.6456933985136123, 0.5469258101326099], [0.1504758378046549, 0.5851510688987012, 0.5246848064329566, 0.31032244504968576], [0.7415290139532492, 0.29588375672061973, 0.8868619175524913, 0.31542859885337826], [0.015484544986411719, 0.22276103229912014, 0.6757794515311114, 0.20038866596255978], [0.36418730524847354, 0.2129967644606694, 0.22587249253337072, 0.4692103949546108], [0.9260471713263696, 0.8883716797985983, 0.276501737653297, 0.11589068203494379], [0.2978825184858127, 0.022628938171168178, 0.8992406652367139, 0.9916027283612909], [0.6315012079770899, 0.23910359798116243, 0.5189779309911732, 0.0036019620371999794], [0.7435525845544746, 0.42980981238351834, 0.6018590704317058, 0.5979450645821994], [0.49226910033684634, 0.45816607285896915, 0.1124721813186832, 0.9198801447452043]]","[array([0., 0., 0., 0., 0., 0., 0., 0., 0., 0., 0., 0.]), array([1., 0., 0., 0., 0., 0., 0., 0., 0., 0., 0., 0.]), array([0., 0., 0., 0., 0., 0., 0., 0., 0., 0., 0., 0.]), array([1., 0., 0., 0., 0., 0., 0., 0., 0., 0., 0., 0.]), array([0., 0., 0., 0., 0., 0., 0., 0., 0., 0., 0., 0.]), array([0., 0., 0., 1., 0., 0., 0., 0., 0., 0., 0., 0.]), array([1., 0., 0., 0., 0., 0., 0., 0., 0., 0., 0., 0.]), array([0., 0., 0., 0., 0., 0., 0., 0., 0., 0., 0., 0.]), array([1., 0., 0., 0., 0., 0., 0., 0., 0., 0., 0., 0.]), array([1., 0., 0., 0., 0., 0., 0., 0., 0., 0., 0., 0.]), array([0., 0., 0., 0., 1., 1., 0., 0., 0., 1., 0., 0.]), array([0., 1., 0., 0., 0., 0., 0., 0., 0., 0., 0., 0.])]"
4,12,3,"[[0.6311015873857028, 0.41640090387695505, 0.6854211786800264, 0.8732171197661165], [0.7195906158352362, 0.770148397744616, 0.7808486164464259, 0.843270316935976], [0.0744060671467126, 0.8117118611645047, 0.27283590127389534, 0.30227618404160184], [0.6533069488318445, 0.32912387126073295, 0.9296383826404027, 0.1356411230828678], [0.267587384424805, 0.5524932135295066, 0.10789661143206397, 0.9144252387721497], [0.5087613245495024, 0.3782158306711374, 0.9504494216465798, 0.6804317410052502], [0.9227043352925427, 0.8430726425465291, 0.2581324629630669, 0.8767938008231659], [0.03542724531860586, 0.6900647059166262, 0.12496941838649622, 0.48173788367690895], [0.7767217653993136, 0.7432398988596913, 0.8046412814663546, 0.7260720531301605], [0.4085832976973637, 0.07383521845902496, 0.4701717103478441, 0.129847657085561], [0.050041249714149805, 0.281511394961266, 0.5882613768150078, 0.9304719935272052], [0.9794209287087516, 0.3114655161655544, 0.8337958027995449, 0.9763753717679438]]","[array([0., 0., 0., 0., 0., 0., 0., 0., 0., 0., 0., 0.]), array([1., 0., 0., 0., 0., 0., 0., 0., 0., 0., 0., 0.]), array([0., 0., 0., 0., 0., 0., 0., 0., 0., 0., 0., 0.]), array([0., 0., 0., 0., 0., 0., 0., 0., 0., 0., 0., 0.]), array([0., 0., 1., 0., 0., 0., 0., 0., 0., 0., 0., 0.]), array([0., 0., 0., 0., 0., 0., 0., 0., 0., 0., 0., 0.]), array([0., 1., 0., 0., 0., 0., 0., 0., 0., 0., 0., 0.]), array([1., 0., 0., 0., 0., 0., 0., 0., 0., 0., 0., 0.]), array([0., 0., 0., 0., 1., 0., 0., 0., 0., 0., 0., 0.]), array([0., 0., 0., 0., 0., 1., 0., 0., 0., 0., 0., 0.]), array([0., 0., 0., 0., 0., 0., 0., 0., 0., 0., 0., 0.]), array([0., 0., 0., 0., 0., 0., 0., 1., 0., 1., 0., 0.])]"
4,12,4,"[[0.3254491081077914, 0.48068073577047044, 0.7854396357016097, 0.6925763873207658], [0.724803072757545, 0.7691151631167827, 0.5981580743530901, 0.4228809850596821], [0.780571315933557, 0.2094434858785914, 0.15905396139606887, 0.4972252055070393], [0.4581262898568219, 0.5356510132396848, 0.07176727478328604, 0.5524530187983567], [0.9448752205427375, 0.39739536765747463, 0.7183544117137859, 0.9279426336864814], [0.9702862597625037, 0.2566417294095419, 0.2003507839720544, 0.11452513250677665], [0.3505544400166174, 0.9077417831256059, 0.37924556828675826, 0.4063532429180018], [0.5986031243541369, 0.8325525797469863, 0.9108181785546178, 0.6035769332980937], [0.8750977991578853, 0.47406859789633504, 0.6548763133109887, 0.9304605593828544], [0.2420648745131312, 0.12776449010110624, 0.6128622882898587, 0.4289316521559299], [0.20871923228015354, 0.9495990816550915, 0.2072362357074471, 0.31328522239806345], [0.38150900470950555, 0.2965611532463661, 0.08861756644064755, 0.7765029631962158]]","[array([0., 0., 0., 0., 0., 0., 0., 0., 0., 0., 0., 0.]), array([0., 0., 0., 0., 0., 0., 0., 0., 0., 0., 0., 0.]), array([0., 0., 0., 0., 0., 0., 0., 0., 0., 0., 0., 0.]), array([0., 0., 0., 0., 0., 0., 0., 0., 0., 0., 0., 0.]), array([1., 1., 0., 0., 0., 0., 0., 0., 0., 0., 0., 0.]), array([0., 0., 0., 0., 0., 0., 0., 0., 0., 0., 0., 0.]), array([0., 0., 0., 0., 0., 0., 0., 0., 0., 0., 0., 0.]), array([0., 0., 0., 0., 0., 0., 0., 0., 0., 0., 0., 0.]), array([0., 0., 0., 0., 1., 0., 0., 0., 0., 0., 0., 0.]), array([0., 0., 0., 0., 0., 1., 0., 0., 0., 0., 0., 0.]), array([0., 0., 0., 0., 0., 0., 0., 0., 0., 0., 0., 0.]), array([0., 0., 0., 0., 0., 0., 0., 0., 1., 1., 1., 0.])]"
4,12,5,"[[0.14290947018906797, 0.725076027518599, 0.8959517706834288, 0.7093918916620716], [0.8058992214192383, 0.720371435355545, 0.9997338292122786, 0.726080587728938], [0.6791429354901679, 0.6201287690982346, 0.12501030433271743, 0.30534779264194345], [0.5623379955726395, 0.5233275336690018, 0.9947419695690782, 0.5610038028916488], [0.7693404122716204, 0.3575292310381204, 0.44900395900368484, 0.46995408760287194], [0.7873972919775819, 0.03825598960490095, 0.10247838156140587, 0.750332992998759], [0.6805842496086171, 0.3229285361320364, 0.24248773876389407, 0.9100902701320231], [0.04185875265005934, 0.36497014072133416, 0.06901354848451469, 0.010294668842082855], [0.5626077575264705, 0.30371611845051016, 0.4703097689611285, 0.6324687809787369], [0.0440605854276811, 0.09839147318006858, 0.11201307712173647, 0.2924056779716754], [0.7798918931588807, 0.9656257939861264, 0.8413344041779732, 0.7205577542753708], [0.2499035348658234, 0.4557800088439724, 0.9411023809304808, 0.29655573025300963]]","[array([0., 0., 0., 0., 0., 0., 0., 0., 0., 0., 0., 0.]), array([0., 0., 0., 0., 0., 0., 0., 0., 0., 0., 0., 0.]), array([0., 0., 0., 0., 0., 0., 0., 0., 0., 0., 0., 0.]), array([0., 1., 0., 0., 0., 0., 0., 0., 0., 0., 0., 0.]), array([0., 0., 0., 0., 0., 0., 0., 0., 0., 0., 0., 0.]), array([0., 0., 0., 0., 0., 0., 0., 0., 0., 0., 0., 0.]), array([0., 0., 0., 1., 1., 0., 0., 0., 0., 0., 0., 0.]), array([0., 0., 0., 0., 0., 0., 0., 0., 0., 0., 0., 0.]), array([0., 0., 0., 0., 0., 0., 0., 0., 0., 0., 0., 0.]), array([0., 0., 1., 0., 1., 0., 1., 0., 0., 0., 0., 0.]), array([0., 0., 0., 0., 0., 1., 0., 0., 0., 0., 0., 0.]), array([0., 0., 0., 0., 0., 0., 0., 0., 0., 0., 0., 0.])]"
4,12,6,"[[0.13125291276473017, 0.038971610270439716, 0.3139938353595204, 0.7869223239848834], [0.5369496142557192, 0.9495233119641941, 0.3661308243365877, 0.8110883089923072], [0.7608895391690521, 0.22134782380918483, 0.7850874472501848, 0.6529056241924265], [0.8204765288294091, 0.04576392475852464, 0.4460843110904703, 0.46791378814991014], [0.7273571365570931, 0.4839889618104589, 0.5011039646824047, 0.1354914167144099], [0.020310976104296108, 0.1514576815869304, 0.058001113258449366, 0.23464988341666182], [0.9796697067623389, 0.7906465685260456, 0.48570770744139347, 0.4351775477025487], [0.915384820830182, 0.09786400557216757, 0.7775635379089545, 0.4368166351748207], [0.272558837176081, 0.9613101945534119, 0.8066450278715478, 0.5162536574913025], [0.3237003421432342, 0.4238824812813875, 0.3199373684385771, 0.723137699374414], [0.6065027741597846, 0.5631944926097023, 0.7632993211136857, 0.1539058746737546], [0.5004078295539103, 0.18722143385968226, 0.47887030245470663, 0.40029006669857825]]","[array([0., 0., 0., 0., 0., 0., 0., 0., 0., 0., 0., 0.]), array([0., 0., 0., 0., 0., 0., 0., 0., 0., 0., 0., 0.]), array([1., 1., 0., 0., 0., 0., 0., 0., 0., 0., 0., 0.]), array([0., 0., 0., 0., 0., 0., 0., 0., 0., 0., 0., 0.]), array([0., 0., 0., 1., 0., 0., 0., 0., 0., 0., 0., 0.]), array([0., 0., 0., 0., 1., 0., 0., 0., 0., 0., 0., 0.]), array([0., 0., 0., 0., 0., 0., 0., 0., 0., 0., 0., 0.]), array([0., 0., 0., 0., 0., 1., 1., 0., 0., 0., 0., 0.]), array([0., 0., 0., 0., 0., 0., 0., 1., 0., 0., 0., 0.]), array([0., 0., 0., 0., 0., 0., 0., 0., 1., 0., 0., 0.]), array([0., 0., 1., 0., 0., 0., 0., 0., 0., 0., 0., 0.]), array([0., 0., 0., 0., 0., 0., 0., 0., 0., 0., 0., 0.])]"
4,12,7,"[[0.9065404566349421, 0.7173844950417356, 0.9429289222422992, 0.8567461949238107], [0.30847269732101346, 0.45358613761171407, 0.38844883202817926, 0.05987190378062346], [0.16249471083785927, 0.2124495031669903, 0.9658909844125356, 0.4456992312332485], [0.3242367190344555, 0.7050295264333929, 0.396057404157247, 0.10519445405737404], [0.2524379590615978, 0.44182477364930317, 0.8507574303850104, 0.6263069313481592], [0.9986131605846845, 0.28485211969605084, 0.9332366833450945, 0.22400411313631297], [0.6160391707176813, 0.991102921182794, 0.7881496851068461, 0.06821016494784127], [0.6778916134527302, 0.26657939701890454, 0.4686127117998955, 0.9260894000812747], [0.2719331106590598, 0.7438917972341577, 0.5132140980680249, 0.822747271735435], [0.7185644725451436, 0.5148832842187966, 0.7269136368434196, 0.25839162023051865], [0.39512851271480176, 0.32190767687258925, 0.8116969322033919, 0.23541699290284557], [0.9701049605638704, 0.41855124920330145, 0.17245992786698172, 0.6720621148657518]]","[array([0., 0., 0., 0., 0., 0., 0., 0., 0., 0., 0., 0.]), array([0., 0., 0., 0., 0., 0., 0., 0., 0., 0., 0., 0.]), array([0., 0., 0., 0., 0., 0., 0., 0., 0., 0., 0., 0.]), array([0., 0., 0., 0., 0., 0., 0., 0., 0., 0., 0., 0.]), array([0., 1., 0., 0., 0., 0., 0., 0., 0., 0., 0., 0.]), array([0., 0., 0., 1., 0., 0., 0., 0., 0., 0., 0., 0.]), array([0., 1., 0., 0., 0., 0., 0., 0., 0., 0., 0., 0.]), array([0., 0., 0., 0., 1., 0., 0., 0., 0., 0., 0., 0.]), array([0., 1., 0., 0., 0., 0., 0., 0., 0., 0., 0., 0.]), array([0., 0., 0., 0., 0., 0., 0., 0., 1., 0., 0., 0.]), array([0., 0., 0., 0., 0., 0., 0., 0., 0., 0., 0., 0.]), array([0., 0., 0., 0., 0., 1., 0., 0., 0., 0., 0., 0.])]"
4,12,8,"[[0.8598996681371853, 0.23818503365102262, 0.9792578637347248, 0.880440442631508], [0.8150584819854713, 0.7422849478059574, 0.9055264768515585, 0.4329626816168356], [0.2305222465241875, 0.09898178903557964, 0.17121382106524274, 0.20442356470420342], [0.6264548951978848, 0.21983354851355397, 0.019006743464666465, 0.7093044020719537], [0.21943669372163876, 0.09317122086227037, 0.8996518119301619, 0.6711076032995656], [0.8184789442224413, 0.5986404217343448, 0.8227727713867572, 0.9906479186812442], [0.07614990977492397, 0.5467288807731852, 0.9718696742840593, 0.8763372314566663], [0.8362635882147007, 0.638503430610472, 0.9534361871254338, 0.5499370610363469], [0.5897022218203647, 0.133267189098075, 0.4140250327974472, 0.8867283089829741], [0.30933897851062064, 0.5683306204905607, 0.12274777781251245, 0.8951592726913057], [0.04164202025033026, 0.6765242216268359, 0.9976618929634584, 0.5563313878772899], [0.7512467781239336, 0.8702888567648097, 0.24299100250837202, 0.8033379429995413]]","[array([0., 0., 0., 0., 0., 0., 0., 0., 0., 0., 0., 0.]), array([0., 0., 0., 0., 0., 0., 0., 0., 0., 0., 0., 0.]), array([0., 0., 0., 0., 0., 0., 0., 0., 0., 0., 0., 0.]), array([0., 0., 0., 0., 0., 0., 0., 0., 0., 0., 0., 0.]), array([0., 0., 0., 0., 0., 0., 0., 0., 0., 0., 0., 0.]), array([0., 0., 1., 0., 0., 0., 0., 0., 0., 0., 0., 0.]), array([0., 0., 0., 0., 0., 0., 0., 0., 0., 0., 0., 0.]), array([0., 0., 0., 0., 1., 0., 1., 0., 0., 0., 0., 0.]), array([0., 0., 0., 0., 0., 0., 0., 0., 0., 0., 0., 0.]), array([0., 0., 0., 1., 0., 0., 0., 0., 0., 0., 0., 0.]), array([0., 0., 0., 0., 0., 0., 0., 0., 1., 0., 0., 0.]), array([0., 0., 0., 0., 0., 0., 0., 0., 0., 0., 0., 0.])]"
4,12,9,"[[0.7722611332577156, 0.47202572214233574, 0.7965731051940622, 0.021971944790943443], [0.16041841509833188, 0.6666561599722852, 0.943459851002301, 0.061733283070710465], [0.019142686749241355, 0.7564279114790392, 0.7818692123771067, 0.27879211295594797], [0.9455770118280821, 0.1144407972750574, 0.30638530356719373, 0.3745888695214261], [0.3888705351784718, 0.37736324269749955, 0.6413969208218656, 0.5271803864736321], [0.46129558493126765, 0.3248743346206814, 0.8165812937733463, 0.4485679368446679], [0.24468909794915217, 0.9809677620517706, 0.9752808287438793, 0.6229125674328869], [0.4200749403317715, 0.7078953396377098, 0.7657258441537976, 0.2209279414981563], [0.5882061401073502, 0.7945469123815787, 0.07709617456605888, 0.9964075238949208], [0.9035117842331287, 0.1449472465349405, 0.5727873010938721, 0.14312022844237837], [0.7457076452999077, 0.4255367086643965, 0.4525815928851594, 0.3527461820529578], [0.4083405467324749, 0.6870470857024037, 0.7578487782492025, 0.12744903305076538]]","[array([0., 0., 0., 0., 0., 0., 0., 0., 0., 0., 0., 0.]), array([1., 0., 0., 0., 0., 0., 0., 0., 0., 0., 0., 0.]), array([0., 1., 0., 0., 0., 0., 0., 0., 0., 0., 0., 0.]), array([1., 0., 0., 0., 0., 0., 0., 0., 0., 0., 0., 0.]), array([0., 0., 1., 0., 0., 0., 0., 0., 0., 0., 0., 0.]), array([0., 0., 1., 0., 0., 0., 0., 0., 0., 0., 0., 0.]), array([0., 0., 0., 0., 0., 0., 0., 0., 0., 0., 0., 0.]), array([0., 0., 0., 1., 0., 0., 0., 0., 0., 0., 0., 0.]), array([0., 1., 0., 0., 0., 0., 0., 0., 0., 0., 0., 0.]), array([0., 0., 0., 0., 0., 0., 0., 0., 0., 0., 0., 0.]), array([0., 0., 0., 0., 1., 0., 0., 1., 0., 0., 0., 0.]), array([0., 0., 0., 0., 0., 0., 0., 0., 0., 0., 0., 0.])]"
